ANZLIC_ID|PRODUCT_ID
ANZVI0803005555|4858
ANZVI0803005600|4889
ANZVI0803005593|4890
ANZVI0803005595|4891
ANZVI0803005594|4892
ANZVI0803005597|4893
ANZVI0803005596|4894
ANZVI0803005599|4895
ANZVI0803005598|4896
ANZVI0803005521|4821
ANZVI0803005433|4745
ANZVI0803005434|4746
ANZVI0803005435|4747
ANZVI0803005436|4748
ANZVI0803005444|4755
ANZVI0803005445|4756
ANZVI0803005448|4757
ANZVI0803005449|4758
ANZVI0803005446|4759
ANZVI0803005447|4760
ANZVI0803005454|4761
ANZVI0803005453|4762
ANZVI0803005456|4763
ANZVI0803005455|4764
ANZVI0803005450|4765
ANZVI0803005452|4766
ANZVI0803005451|4767
ANZVI0803005530|4828
ANZVI0803005601|4897
ANZVI0803005641|4925
ANZVI0803005640|4926
ANZVI0803005643|4927
ANZVI0803005642|4928
ANZVI0803005636|4929
ANZVI0803005635|4930
ANZVI0803005634|4931
ANZVI0803005639|4932
ANZVI0803005637|4933
ANZVI0803005638|4934
ANZVI0803005655|4943
ANZVI0803005656|4944
ANZVI0803005657|4945
ANZVI0803005711|6880
ANZVI0803005710|6881
ANZVI0803005712|6882
ANZVI0803002498|31270
ANZVI0803002507|31478
ANZVI0803002842|40017
ANZVI0803002860|40126
ANZVI0803003023|40202
ANZVI0803002521|40258
ANZVI0803001036|40740
ANZVI0803002979|40822
ANZVI0803002985|40961
ANZVI0803002992|41127
ANZVI0803002996|41295
ANZVI0803002737|41419
ANZVI0803002948|41585
ANZVI0803002163|41691
ANZVI0803002164|41766
ANZVI0803003003|41948
ANZVI0803002028|42008
ANZVI0803002549|42049
ANZVI0803002776|45743
ANZVI0803002242|43507
ANZVI0803002452|40813
ANZVI0803002698|42550
ANZVI0803004234|3518
ANZVI0803004235|3519
ANZVI0803004236|3520
ANZCW0703011415|3436
ANZVI0803004147|3447
ANZVI0803004146|3448
ANZVI0803004238|3521
ANZVI0803004241|3522
ANZVI0803004239|3523
ANZVI0803004242|3524
ANZVI0803004240|3525
ANZVI0803002834|44781
ANZVI0803002945|42334
ANZVI0803002989|41038
ANZVI0803003060|42890
ANZVI0803003612|743
ANZVI0803003614|745
ANZVI0803003616|747
ANZVI0803003586|535
ANZVI0803001092|107
ANZVI0803002003|109
ANZVI0803002004|110
ANZVI0803002008|112
ANZVI0803002015|115
ANZVI0803002371|44737
ANZVI0803002057|128
ANZVI0803002585|132
ANZVI0803002329|134
ANZVI0803002345|135
ANZVI0803002351|138
ANZVI0803002358|141
ANZVI0803002342|145
ANZVI0803002158|150
ANZVI0803002184|151
ANZVI0803002764|164
ANZVI0803002512|43699
ANZVI0803002791|220
ANZVI0803002795|222
ANZVI0803002799|225
ANZVI0803002805|230
ANZVI0803002806|232
ANZVI0803002807|233
ANZVI0803002812|235
ANZVI0803001051|240
ANZVI0803001061|242
ANZVI0808000014|256
ANZVI0803002401|260
ANZVI0808000013|267
ANZVI0803002721|279
ANZVI0803002040|281
ANZVI0803002851|303
ANZVI0803002895|308
ANZVI0803002073|313
ANZVI0803004254|3532
ANZVI0803003037|332
ANZVI0803005488|4791
ANZVI0803005487|4792
ANZVI0803005486|4793
ANZVI0803005565|4866
ANZVI0803005566|4867
ANZVI0803005564|4868
ANZVI0803005592|4888
ANZVI0803003936|1075
ANZVI0803003880|1022
ANZVI0803003884|1026
ANZVI0803003888|1030
ANZVI0803003892|1033
ANZVI0803003896|1037
ANZVI0803003900|1041
ANZVI0803005489|4794
ANZVI0803005508|4808
ANZVI0008100349|118361
ANZVI0803004685|3957
ANZVI0803003058|334
ANZVI0803003065|336
ANZVI0803003066|337
ANZVI0803003069|339
ANZVI0803003083|342
ANZVI0803003084|343
ANZVI0803003128|346
ANZVI0803003133|348
ANZVI0803003209|350
ANZVI0803004043|3062
ANZVI0803004038|3063
ANZVI0803004044|3064
ANZVI0803004040|3065
ANZVI0803004045|3067
ANZVI0803004041|3068
ANZVI0803004042|3069
ANZVI0803004039|3070
ANZVI0803004138|3434
ANZVI0803004137|3435
ANZVI0803004209|3504
ANZVI0803004208|3505
ANZVI0803004207|3506
ANZVI0803004125|3424
ANZVI0803004126|3425
ANZVI0803004127|3426
ANZVI0803004029|3031
ANZVI0803004025|3032
ANZVI0803004018|3033
ANZVI0803004033|3034
ANZVI0803004017|3035
ANZVI0803004022|3036
ANZVI0803004026|3037
ANZVI0803004030|3038
ANZVI0803004034|3039
ANZVI0803004021|3040
ANZVI0803004024|3041
ANZVI0803004027|3042
ANZVI0803004031|3043
ANZVI0803004028|3044
ANZVI0803004019|3045
ANZVI0803004032|3046
ANZVI0803004016|3047
ANZVI0803004023|3048
ANZVI0803004110|3363
ANZVI0803004152|3449
ANZVI0803004149|3450
ANZVI0803004151|3451
ANZVI0803004148|3452
ANZVI0803004150|3453
ANZVI0803004153|3454
ANZVI0803004177|3477
ANZVI0803004178|3478
ANZVI0803004179|3479
ANZVI0803004219|3514
ANZVI0803004266|3542
ANZVI0803004265|3543
ANZVI0803003232|351
ANZVI0803003119|382
ANZVI0803002870|384
ANZVI0803003038|387
ANZVI0803003328|389
ANZVI0803003330|391
ANZVI0803003334|393
ANZVI0803003342|395
ANZVI0803003343|396
ANZVI0803003360|398
ANZVI0803003366|400
ANZVI0803003398|403
ANZVI0803003401|405
ANZVI0803003402|406
ANZVI0803003406|408
ANZVI0803003407|409
ANZVI0803003409|411
ANZVI0803003410|412
ANZVI0803003412|414
ANZVI0803003415|416
ANZVI0803003416|417
ANZVI0803003420|419
ANZVI0803003421|420
ANZVI0803003427|424
ANZVI0803003428|425
ANZVI0803003433|427
ANZVI0803003439|429
ANZVI0803002447|31303
ANZVI0803003454|439
ANZVI0803003457|441
ANZVI0803003460|444
ANZVI0803002037|519
ANZVI0803001023|521
ANZVI0803001085|522
ANZVI0803002033|524
ANZVI0803002034|525
ANZVI0803002435|527
ANZVI0803002656|154
ANZVI0803002699|167
ANZVI0803002769|168
ANZVI0803002365|171
ANZVI0803002700|172
ANZVI0803002567|189
ANZVI0803002367|198
ANZVI0803002657|215
ANZVI0803002648|252
ANZVI0803005391|4723
ANZVI0803005717|8083
ANZVI0803005718|8426
ANZVI0803002394|773
ANZVI0803004213|3510
ANZVI0803004134|3433
ANZVI0803003697|815
ANZVI0803004172|3473
ANZVI0803004112|3384
ANZVI0803004113|3385
ANZVI0803004114|3386
ANZVI0803004192|3489
ANZVI0803004123|3492
ANZVI0803004196|3493
ANZVI0803004200|3498
ANZVI0803004271|3545
ANZVI0803004101|3335
ANZVI0803004104|3336
ANZVI0803004103|3337
ANZVI0803004107|3338
ANZVI0803004102|3339
ANZVI0803004106|3340
ANZVI0803004100|3341
ANZVI0803004105|3342
ANZVI0803004108|3345
ANZVI0803004174|3474
ANZVI0803004175|3475
ANZVI0803004176|3476
ANZVI0803003981|3327
ANZVI0803003984|3328
ANZVI0803003980|3329
ANZVI0803003983|3330
ANZVI0803003987|3331
ANZVI0803003982|3332
ANZVI0803003683|3416
ANZVI0803003637|3417
ANZVI0803004111|3418
ANZVI0803004132|3431
ANZVI0803004133|3432
ANZVI0803004036|3049
ANZVI0803004169|3470
ANZVI0803003630|823
ANZVI0803003580|774
ANZVI0803003644|777
ANZVI0803003668|778
ANZVI0803003645|779
ANZVI0803003669|780
ANZVI0803003643|781
ANZVI0803003671|782
ANZVI0803003636|783
ANZVI0803003670|784
ANZVI0803003642|785
ANZVI0803004231|3516
ANZVI0803004205|3502
ANZVI0803003480|463
ANZVI0803003878|1020
ANZVI0803004261|3538
ANZVI0803003684|807
ANZVI0803003685|808
ANZVI0803003686|809
ANZVI0803003687|810
ANZVI0803003688|811
ANZVI0803003689|812
ANZVI0803003713|826
ANZVI0803003714|827
ANZVI0803003624|829
ANZVI0803004272|3546
ANZVI0803004160|3461
ANZVI0803004161|3462
ANZVI0803004164|3463
ANZVI0803004163|3464
ANZVI0803004162|3465
ANZVI0803004165|3466
ANZVI0803004195|3497
ANZVI0803004167|3467
ANZVI0803004166|3468
ANZVI0803003679|792
ANZVI0803003677|793
ANZVI0803003698|816
ANZVI0803004119|3439
ANZVI0803004122|3440
ANZVI0803004135|3441
ANZVI0803004117|3442
ANZVI0803004124|3443
ANZVI0803004118|3444
ANZVI0803004268|3544
ANZVI0803003592|731
ANZVI0803003595|732
ANZVI0803003525|53796
ANZVI0803003518|52996
ANZVI0803003528|53042
ANZVI0803003532|53053
ANZVI0803003513|53094
ANZVI0803003521|53146
ANZVI0803003530|53170
ANZVI0803003511|53182
ANZVI0803003510|53207
ANZVI0803003524|53219
ANZVI0803005536|4839
ANZVI0803005537|4840
ANZVI0803002641|263
ANZVI0803002398|285
ANZVI0803002576|286
ANZVI0803002846|298
ANZVI0803002848|300
ANZVI0803002849|301
ANZVI0803002957|322
ANZVI0803002959|323
ANZVI0803002963|325
ANZVI0803003036|331
ANZVI0803003082|341
ANZVI0803003270|370
ANZVI0803003274|375
ANZVI0803003468|450
ANZVI0803003471|454
ANZVI0803003479|462
ANZVI0803003488|471
ANZVI0803003492|475
ANZVI0803003727|884
ANZVI0803003739|895
ANZVI0803003749|905
ANZVI0803003761|917
ANZVI0803003772|928
ANZVI0803003784|940
ANZVI0803003796|951
ANZVI0803003815|962
ANZVI0803003826|973
ANZVI0803003842|984
ANZVI0803003853|995
ANZVI0803003865|1007
ANZVI0803003875|1017
ANZVI0803003565|505
ANZVI0803002673|157
ANZVI0803002675|159
ANZVI0803003435|434
ANZVI0803003584|3208
ANZVI0803002671|155
ANZVI0803002115|3228
ANZVI0803002154|3229
ANZVI0803002118|3230
ANZVI0803002130|3231
ANZVI0803002129|3232
ANZVI0803002122|3233
ANZVI0803002160|3234
ANZVI0803002106|3235
ANZVI0803003252|3236
ANZVI0803002177|3238
ANZVI0803002153|3239
ANZVI0803002109|3240
ANZVI0803002134|3241
ANZVI0803002751|3242
ANZVI0803002772|3243
ANZVI0803002111|3244
ANZVI0803002173|3246
ANZVI0803002110|3247
ANZVI0803002114|3248
ANZVI0803002131|3249
ANZVI0803002157|3250
ANZVI0803003639|3251
ANZVI0803002103|3253
ANZVI0803002152|3254
ANZVI0803002174|3255
ANZVI0803002135|3256
ANZVI0803002750|3257
ANZVI0803002117|3258
ANZVI0803002156|3259
ANZVI0803002124|3260
ANZVI0803003638|3261
ANZVI0803004077|3262
ANZVI0803003362|3263
ANZVI0803002107|3264
ANZVI0803002151|3265
ANZVI0803002175|3266
ANZVI0803002136|3267
ANZVI0803002132|3268
ANZVI0803002113|3269
ANZVI0803003353|3270
ANZVI0803002155|3271
ANZVI0803002116|3272
ANZVI0803002159|3273
ANZVI0803002105|3274
ANZVI0803002161|3275
ANZVI0803002108|3276
ANZVI0803002125|3277
ANZVI0803002176|3278
ANZVI0803002150|3279
ANZVI0803002147|3281
ANZVI0803002112|3283
ANZVI0803002133|3284
ANZVI0803003649|765
ANZVI0803004264|3539
ANZVI0803004263|3540
ANZVI0803004262|3541
ANZVI0803003945|1217
ANZVI0803003944|1218
ANZVI0803004274|3548
ANZVI0803003289|3549
ANZVI0803004232|3550
ANZVI0803004276|3552
ANZVI0803004277|3553
ANZVI0803004279|3554
ANZVI0803004281|3555
ANZVI0803004280|3556
ANZVI0803004282|3557
ANZVI0803005627|4918
ANZVI0803005628|4919
ANZVI0803005660|4947
ANZVI0803005663|4952
ANZVI0803005706|4995
ANZVI0803003935|1074
ANZVI0803003882|1024
ANZVI0803003889|1031
ANZVI0803003898|1039
ANZVI0803003802|956
ANZVI0803003814|961
ANZVI0803003820|967
ANZVI0803003825|972
ANZVI0803003829|976
ANZVI0803003476|878
ANZVI0803003486|469
ANZVI0803003721|879
ANZVI0803003726|883
ANZVI0803003731|888
ANZVI0803003735|891
ANZVI0803003742|898
ANZVI0803003744|900
ANZVI0803003745|901
ANZVI0803003751|907
ANZVI0803003753|909
ANZVI0803003754|910
ANZVI0803003758|914
ANZVI0803003759|915
ANZVI0803003264|364
ANZVI0803003268|368
ANZVI0803003271|371
ANZVI0803003278|379
ANZVI0803003464|875
ANZVI0803002975|44930
ANZVI0803003516|53250
ANZVI0803003514|53274
ANZVI0803003387|51951
ANZVI0803003373|51952
ANZVI0803003379|31857
ANZVI0803003385|43015
ANZVI0803003384|43258
ANZVI0803003381|43274
ANZVI0803003380|43292
ANZVI0803003382|43910
ANZVI0803003377|43938
ANZVI0803003376|43965
ANZVI0803003368|43308
ANZVI0803002970|51395
ANZVI0803002972|51402
ANZVI0803003367|43329
ANZVI0803003352|51927
ANZVI0803003354|51928
ANZVI0803003351|51878
ANZVI0803003355|51929
ANZVI0803003357|51931
ANZVI0803003359|51933
ANZVI0803003022|53967
ANZVI0803003558|53989
ANZVI0803002941|54000
ANZVI0803003559|54011
ANZVI0803003560|54022
ANZVI0803003582|529
ANZVI0803002612|31304
ANZVI0803003440|52902
ANZVI0803001040|515
ANZVI0803003600|751
ANZVI0803003378|31858
ANZVI0803003279|49654
ANZVI0803003326|32252
ANZVI0803003238|736
ANZVI0803003364|41801
ANZVI0803003566|42909
ANZVI0803002865|42925
ANZVI0803001077|52866
ANZVI0803002777|32239
ANZVI0803003324|49225
ANZVI0803003538|532
ANZVI0803003395|50307
ANZVI0803003389|51058
ANZVI0803003392|51076
ANZVI0803003393|51130
ANZVI0803003370|52277
ANZVI0803003371|52360
ANZVI0803003606|749
ANZVI0803001033|31853
ANZVI0803002502|31290
ANZVI0803002352|45121
ANZVI0803002318|39538
ANZVI0803002723|40090
ANZVI0803002987|41012
ANZVI0803002833|40221
ANZVI0803002072|516
ANZVI0803003057|699
ANZVI0803001100|700
ANZVI0803003099|701
ANZVI0803002036|518
ANZVI0803001022|520
ANZVI0803001099|523
ANZVI0803002035|526
ANZVI0803002230|50667
ANZVI0803002234|50719
ANZVI0803002233|50985
ANZVI0803002489|32243
ANZVI0803003244|3309
ANZVI0803003245|3310
ANZVI0803004233|3517
ANZVI0803003546|753
ANZVI0803005523|4823
ANZVI0803005794|31282
ANZVI0803005849|65501
ANZVI0803004283|3558
ANZVI0803004284|3559
ANZVI0803004285|3560
ANZVI0803004286|3561
ANZVI0803004287|3562
ANZVI0803004288|3563
ANZVI0803004289|3564
ANZVI0803004290|3565
ANZVI0803004291|3566
ANZVI0803004299|3567
ANZVI0803004298|3568
ANZVI0803004297|3569
ANZVI0803004296|3570
ANZVI0803004295|3573
ANZVI0803004294|3574
ANZVI0803004306|3577
ANZVI0803004304|3578
ANZVI0803004305|3579
ANZVI0803004303|3580
ANZVI0803004308|3581
ANZVI0803004309|3583
ANZVI0803004310|3584
ANZVI0803004311|3585
ANZVI0803004316|3587
ANZVI0803004314|3588
ANZVI0803004315|3589
ANZVI0803004313|3590
ANZVI0803004317|3591
ANZVI0803004318|3592
ANZVI0803004320|3593
ANZVI0803004321|3594
ANZVI0803004319|3595
ANZVI0803004323|3596
ANZVI0803004325|3597
ANZVI0803004324|3598
ANZVI0803004326|3599
ANZVI0803004327|3600
ANZVI0803004269|3608
ANZVI0803004216|3609
ANZVI0803004335|3610
ANZVI0803004336|3611
ANZVI0803004337|3612
ANZVI0803004340|3613
ANZVI0803004341|3614
ANZVI0803004345|3615
ANZVI0803004344|3616
ANZVI0803004342|3618
ANZVI0803004346|3619
ANZVI0803004347|3620
ANZVI0803004348|3621
ANZVI0803004349|3622
ANZVI0803004350|3623
ANZVI0803004351|3624
ANZVI0803004352|3625
ANZVI0803004353|3626
ANZVI0803004354|3627
ANZVI0803004355|3628
ANZVI0803004356|3629
ANZVI0803004358|3630
ANZVI0803004363|3632
ANZVI0803004402|3633
ANZVI0803004382|3634
ANZVI0803004375|3635
ANZVI0803004412|3636
ANZVI0803004395|3637
ANZVI0803004376|3638
ANZVI0803004381|3639
ANZVI0803004389|3640
ANZVI0803004374|3641
ANZVI0803004388|3642
ANZVI0803004411|3643
ANZVI0803004396|3644
ANZVI0803004369|3645
ANZVI0803004400|3646
ANZVI0803004406|3647
ANZVI0803004384|3648
ANZVI0803004373|3649
ANZVI0803004410|3650
ANZVI0803004420|3651
ANZVI0803004401|3652
ANZVI0803004393|3653
ANZVI0803004407|3654
ANZVI0803004383|3655
ANZVI0803004372|3656
ANZVI0803004394|3657
ANZVI0803004421|3658
ANZVI0803004386|3659
ANZVI0803004408|3660
ANZVI0803004367|3661
ANZVI0803004416|3662
ANZVI0803004399|3663
ANZVI0803004391|3664
ANZVI0803004419|3665
ANZVI0803004409|3666
ANZVI0803004405|3667
ANZVI0803004368|3668
ANZVI0803004379|3669
ANZVI0803004371|3670
ANZVI0803004385|3671
ANZVI0803004392|3672
ANZVI0803004415|3673
ANZVI0803004404|3674
ANZVI0803004365|3675
ANZVI0803004418|3676
ANZVI0803004380|3677
ANZVI0803004370|3678
ANZVI0803004387|3679
ANZVI0803005458|4768
ANZVI0803005457|4769
ANZVI0803005459|4770
ANZVI0803005462|4771
ANZVI0803005461|4772
ANZVI0803005460|4773
ANZVI0803003938|1077
ANZVI0803003886|1028
ANZVI0803003798|953
ANZVI0803003813|960
ANZVI0803003821|968
ANZVI0803003827|974
ANZVI0803003481|464
ANZVI0803003490|473
ANZVI0803003729|886
ANZVI0803003737|893
ANZVI0803003741|897
ANZVI0803003746|902
ANZVI0803005516|4816
ANZVI0803003597|754
ANZVI0803003703|1181
ANZVI0803003704|1182
ANZVI0803003705|1183
ANZVI0803004014|3020
ANZVI0803004015|3021
ANZVI0803004013|3022
ANZVI0803004145|3446
ANZVI0803003602|757
ANZVI0803003603|758
ANZVI0803004143|3445
ANZVI0803002494|31262
ANZVI0803002491|31267
ANZVI0803002910|31568
ANZVI0803002864|32245
ANZVI0803002914|31569
ANZVI0803002912|31517
ANZVI0803002909|31515
ANZVI0803002902|31499
ANZVI0803002899|31646
ANZVI0803002898|31500
ANZVI0803002896|31498
ANZVI0803002444|31311
ANZVI0803002441|32249
ANZVI0803002595|31310
ANZVI0803002446|31301
ANZVI0803002457|31309
ANZVI0803002442|31308
ANZVI0803002618|32250
ANZVI0803003127|47439
ANZVI0803002578|32237
ANZVI0803002529|32238
ANZVI0803002499|32241
ANZVI0803002683|32246
ANZVI0803002919|32248
ANZVI0803003297|47918
ANZVI0803003295|47919
ANZVI0803003294|47920
ANZVI0803003303|48720
ANZVI0803003305|48778
ANZVI0803002490|31264
ANZVI0803002496|31271
ANZVI0803002497|31272
ANZVI0803002504|31289
ANZVI0803002893|31293
ANZVI0803002639|31295
ANZVI0803002500|31296
ANZVI0803002501|31297
ANZVI0803003140|31347
ANZVI0803004397|3680
ANZVI0803004364|3681
ANZVI0803004378|3682
ANZVI0803004414|3683
ANZVI0803004403|3684
ANZVI0803004366|3685
ANZVI0803004417|3686
ANZVI0803004377|3687
ANZVI0803004398|3688
ANZVI0803004413|3689
ANZVI0803004390|3690
ANZVI0803004446|3691
ANZVI0803004439|3692
ANZVI0803004433|3693
ANZVI0803004445|3694
ANZVI0803004422|3695
ANZVI0803004432|3696
ANZVI0803004429|3697
ANZVI0803004444|3698
ANZVI0803004423|3699
ANZVI0803004448|3700
ANZVI0803004431|3701
ANZVI0803004428|3702
ANZVI0803004447|3703
ANZVI0803004438|3704
ANZVI0803004430|3705
ANZVI0803004452|3706
ANZVI0803004437|3707
ANZVI0803004441|3708
ANZVI0803004426|3709
ANZVI0803004449|3710
ANZVI0803004436|3711
ANZVI0803004453|3712
ANZVI0803004440|3713
ANZVI0803004427|3714
ANZVI0803004435|3715
ANZVI0803004450|3716
ANZVI0803004443|3717
ANZVI0803004424|3718
ANZVI0803004434|3719
ANZVI0803004451|3720
ANZVI0803004442|3721
ANZVI0803004425|3722
ANZVI0803004456|3723
ANZVI0803004457|3724
ANZVI0803004458|3725
ANZVI0803004454|3726
ANZVI0803004455|3727
ANZVI0803004459|3728
ANZVI0803004461|3729
ANZVI0803004460|3730
ANZVI0803004465|3731
ANZVI0803004466|3732
ANZVI0803004467|3733
ANZVI0803004463|3735
ANZVI0803004464|3736
ANZVI0803004462|3737
ANZVI0803004476|3738
ANZVI0803004481|3739
ANZVI0803004475|3740
ANZVI0803004474|3741
ANZVI0803004482|3742
ANZVI0803004478|3743
ANZVI0803004483|3744
ANZVI0803004477|3745
ANZVI0803004484|3746
ANZVI0803004479|3747
ANZVI0803004471|3748
ANZVI0803004470|3749
ANZVI0803004473|3750
ANZVI0803004480|3751
ANZVI0803004472|3752
ANZVI0803004500|3753
ANZVI0803004528|3754
ANZVI0803004529|3755
ANZVI0803004488|3756
ANZVI0803004532|3757
ANZVI0803004520|3758
ANZVI0803004499|3759
ANZVI0803004543|3760
ANZVI0803004512|3761
ANZVI0803004487|3762
ANZVI0803004533|3763
ANZVI0803004491|3764
ANZVI0803004521|3765
ANZVI0803004549|3766
ANZVI0803004511|3767
ANZVI0803004508|3768
ANZVI0803004502|3769
ANZVI0803004534|3770
ANZVI0803004492|3771
ANZVI0803004514|3772
ANZVI0803004522|3773
ANZVI0803004501|3774
ANZVI0803004509|3776
ANZVI0803004493|3777
ANZVI0803004548|3778
ANZVI0803004513|3779
ANZVI0803004504|3780
ANZVI0803004523|3781
ANZVI0803004536|3782
ANZVI0803004540|3783
ANZVI0803004517|3784
ANZVI0803004494|3785
ANZVI0803004547|3786
ANZVI0803004505|3787
ANZVI0803004524|3788
ANZVI0803004485|3789
ANZVI0803004503|3790
ANZVI0803004507|3791
ANZVI0803004541|3792
ANZVI0803004495|3793
ANZVI0803004515|3794
ANZVI0803004546|3795
ANZVI0803004486|3796
ANZVI0803004516|3797
ANZVI0803004497|3798
ANZVI0803005558|4860
ANZVI0803005559|4861
ANZVI0803003752|908
ANZVI0803003755|911
ANZVI0803003266|366
ANZVI0803003276|377
ANZVI0803003463|487
ANZVI0803003470|453
ANZVI0803002042|4954
ANZVI0803002637|4955
ANZVI0803003441|4956
ANZVI0803005714|7396
ANZVI0008100062|112827
ANZVI0008100063|112829
ANZVI0008100216|112831
ANZVI0008102917|112833
ANZVI0008102665|112824
ANZVI0803003138|31352
ANZVI0803002643|31375
ANZVI0803002531|31480
ANZVI0803002614|31488
ANZVI0803002625|31489
ANZVI0803001034|31491
ANZVI0803002400|31492
ANZVI0803002900|31497
ANZVI0803002717|31506
ANZVI0803004098|3305
ANZVI0803002630|31597
ANZVI0803002716|31599
ANZVI0803002905|31647
ANZVI0803003027|31795
ANZVI0803003025|31796
ANZVI0803001066|31841
ANZVI0803001039|31842
ANZVI0803001069|31850
ANZVI0803002317|31851
ANZVI0803003002|31855
ANZVI0803002019|31856
ANZVI0803003062|32184
ANZVI0803002613|31487
ANZVI0803002917|31563
ANZVI0803002835|31595
ANZVI0803001075|31854
ANZVI0803001065|52586
ANZVI0803003568|511
ANZVI0803003569|512
ANZVI0803003570|513
ANZVI0803002584|39506
ANZVI0803002822|39522
ANZVI0803002823|39530
ANZVI0803002821|39547
ANZVI0803001008|39555
ANZVI0803001009|39563
ANZVI0803002932|39626
ANZVI0803002933|39648
ANZVI0803001095|39677
ANZVI0803001052|39689
ANZVI0803001053|39699
ANZVI0803001005|39738
ANZVI0803002372|39758
ANZVI0803002145|39786
ANZVI0803003081|39865
ANZVI0803002724|39982
ANZVI0803002781|39991
ANZVI0803002974|39999
ANZVI0803002451|40008
ANZVI0803002608|40026
ANZVI0803002076|40038
ANZVI0803001088|40104
ANZVI0803002784|40113
ANZVI0803002861|40138
ANZVI0803002858|40163
ANZVI0803002055|40189
ANZVI0803002824|40233
ANZVI0803002825|40241
ANZVI0803002829|40249
ANZVI0803002850|40675
ANZVI0803002950|40684
ANZVI0803002831|40692
ANZVI0803002058|40700
ANZVI0803002978|40720
ANZVI0803003345|40753
ANZVI0803002969|40781
ANZVI0803002830|40796
ANZVI0803002820|40805
ANZVI0803002980|40846
ANZVI0803004530|3799
ANZVI0803004525|3800
ANZVI0803004542|3801
ANZVI0803004496|3802
ANZVI0803004545|3803
ANZVI0803004538|3804
ANZVI0803004537|3805
ANZVI0803004510|3806
ANZVI0803004518|3807
ANZVI0803004531|3808
ANZVI0803004527|3809
ANZVI0803004526|3810
ANZVI0803004490|3811
ANZVI0803004544|3812
ANZVI0803004539|3813
ANZVI0803004506|3814
ANZVI0803004498|3815
ANZVI0803004519|3816
ANZVI0803004489|3817
ANZVI0803004552|3818
ANZVI0803004553|3819
ANZVI0803004554|3820
ANZVI0803004555|3821
ANZVI0803004557|3822
ANZVI0803004558|3823
ANZVI0803004559|3824
ANZVI0803004560|3825
ANZVI0803004561|3826
ANZVI0803004562|3827
ANZVI0803004563|3828
ANZVI0803004564|3829
ANZVI0803004567|3830
ANZVI0803004566|3831
ANZVI0803004198|3832
ANZVI0803004569|3833
ANZVI0803004568|3834
ANZVI0803004570|3835
ANZVI0803004571|3836
ANZVI0803003594|3837
ANZVI0803004573|3838
ANZVI0803004217|3839
ANZVI0803004576|3840
ANZVI0803004575|3841
ANZVI0803004574|3842
ANZVI0803004582|3843
ANZVI0803004579|3844
ANZVI0803004580|3845
ANZVI0803004578|3846
ANZVI0803004581|3847
ANZVI0803004577|3848
ANZVI0803004602|3849
ANZVI0803004586|3850
ANZVI0803004599|3851
ANZVI0803004587|3852
ANZVI0803004590|3853
ANZVI0803004601|3854
ANZVI0803004611|3855
ANZVI0803004591|3856
ANZVI0803004600|3857
ANZVI0803004597|3858
ANZVI0803004584|3859
ANZVI0803004609|3860
ANZVI0803004610|3861
ANZVI0803004585|3862
ANZVI0803004598|3863
ANZVI0803004608|3864
ANZVI0803004607|3865
ANZVI0803004594|3866
ANZVI0803004596|3867
ANZVI0803004583|3868
ANZVI0803004606|3869
ANZVI0803004595|3870
ANZVI0803004605|3871
ANZVI0803004592|3872
ANZVI0803004603|3873
ANZVI0803004604|3874
ANZVI0803004593|3875
ANZVI0803004612|3876
ANZVI0803004614|3877
ANZVI0803004615|3878
ANZVI0803004613|3879
ANZVI0803004617|3881
ANZVI0803004618|3882
ANZVI0803004621|3883
ANZVI0803004620|3884
ANZVI0803004622|3885
ANZVI0803004623|3886
ANZVI0803004626|3887
ANZVI0803004625|3888
ANZVI0803004635|3889
ANZVI0803004627|3890
ANZVI0803004637|3891
ANZVI0803004636|3892
ANZVI0803004633|3893
ANZVI0803004624|3894
ANZVI0803004634|3895
ANZVI0803004631|3896
ANZVI0803004632|3897
ANZVI0803004628|3898
ANZVI0803004629|3899
ANZVI0803004630|3900
ANZVI0803004638|3901
ANZVI0803004639|3902
ANZVI0803004640|3903
ANZVI0803004641|3904
ANZVI0803004642|3905
ANZVI0803004643|3906
ANZVI0803004644|3907
ANZVI0803004645|3908
ANZVI0803004646|3909
ANZVI0803004647|3910
ANZVI0803004648|3911
ANZVI0803004649|3912
ANZVI0803004650|3913
ANZVI0803005561|4862
ANZVI0803005560|4863
ANZVI0803005664|4953
ANZVI0803005702|4984
ANZVI0803005700|4983
ANZVI0008103240|113860
ANZVI0008103242|113861
ANZVI0008103244|113862
ANZVI0008103246|113863
ANZVI0008103241|113864
ANZVI0008103243|113865
ANZVI0008103245|113866
ANZVI0008103247|113867
ANZVI0008100763|112738
ANZVI0008100513|112739
ANZVI0008102593|112740
ANZVI0008102594|112741
ANZVI0008103000|112742
ANZVI0008102595|112743
ANZVI0008100013|112744
ANZVI0008100014|112745
ANZVI0008100015|112746
ANZVI0008100526|112747
ANZVI0008100016|112748
ANZVI0008100017|112749
ANZVI0008100018|112750
ANZVI0008100740|112751
ANZVI0008100000|112752
ANZVI0008100001|112753
ANZVI0008100002|112754
ANZVI0008100514|112755
ANZVI0008100003|112756
ANZVI0008100004|112757
ANZVI0008100005|112758
ANZVI0008102580|112759
ANZVI0008102581|112760
ANZVI0008102582|112761
ANZVI0008102583|112762
ANZVI0008102584|112763
ANZVI0008102585|112764
ANZVI0008102586|112765
ANZVI0008102882|112766
ANZVI0008100006|112768
ANZVI0008102588|112769
ANZVI0008100227|112770
ANZVI0008100007|112771
ANZVI0008102589|112772
ANZVI0008100008|112773
ANZVI0008100009|112774
ANZVI0008102883|112775
ANZVI0008100010|112776
ANZVI0008100011|112777
ANZVI0008100012|112778
ANZVI0008102591|112779
ANZVI0008102592|112780
ANZVI0008101234|112781
ANZVI0008100137|112782
ANZVI0008103016|112783
ANZVI0008102361|112784
ANZVI0008101694|112785
ANZVI0008102884|112786
ANZVI0008102596|112787
ANZVI0008100019|112788
ANZVI0008102598|112789
ANZVI0008102601|112790
ANZVI0008100020|112791
ANZVI0008102604|112792
ANZVI0008100021|112793
ANZVI0008100022|112794
ANZVI0008100023|112795
ANZVI0008100515|112796
ANZVI0008100024|112797
ANZVI0008102605|112798
ANZVI0008102778|112799
ANZVI0008100025|112800
ANZVI0008102607|112801
ANZVI0008100026|112802
ANZVI0008102885|112803
ANZVI0008100029|112804
ANZVI0008100032|112805
ANZVI0008101696|112806
ANZVI0008102614|112807
ANZVI0008103001|112808
ANZVI0008102616|112809
ANZVI0008100215|112810
ANZVI0008100042|112811
ANZVI0008100044|112812
ANZVI0008102637|112813
ANZVI0008102639|112814
ANZVI0008100050|112815
ANZVI0008100051|112816
ANZVI0008102651|112817
ANZVI0008102655|112818
ANZVI0008100055|112819
ANZVI0008100056|112820
ANZVI0008102662|112821
ANZVI0008102663|112822
ANZVI0008102664|112823
ANZVI0008100060|112825
ANZVI0008100061|112826
ANZVI0008100741|112828
ANZVI0008102666|112830
ANZVI0008100279|112832
ANZVI0008100720|112834
ANZVI0008103161|112835
ANZVI0008103248|113868
ANZVI0008103249|113869
ANZVI0008103250|113870
ANZVI0008103251|113871
ANZVI0803002981|40893
ANZVI0803002984|40939
ANZVI0803002986|40986
ANZVI0803002988|41061
ANZVI0803002991|41107
ANZVI0803002993|41150
ANZVI0803002994|41179
ANZVI0803002966|41207
ANZVI0803002995|41272
ANZVI0803002977|41325
ANZVI0803002997|41379
ANZVI0803002998|41395
ANZVI0803002434|41522
ANZVI0803002417|41532
ANZVI0803003006|41554
ANZVI0803002853|41577
ANZVI0803002852|41593
ANZVI0803002767|41601
ANZVI0803003073|41631
ANZVI0803002328|41664
ANZVI0803003031|41674
ANZVI0803002554|41712
ANZVI0803002024|41749
ANZVI0803002166|41862
ANZVI0803002560|41871
ANZVI0803002026|41958
ANZVI0803002167|41968
ANZVI0803002550|41978
ANZVI0803002559|41989
ANZVI0803002030|42017
ANZVI0803002169|42027
ANZVI0803002170|42038
ANZVI0803003050|42151
ANZVI0803003053|42178
ANZVI0803002930|42187
ANZVI0803003150|3099
ANZVI0803003544|3100
ANZVI0803003173|3101
ANZVI0803002680|3102
ANZVI0803003168|3103
ANZVI0803003222|3104
ANZVI0803003540|3105
ANZVI0803003177|3106
ANZVI0803003196|3107
ANZVI0803003226|3108
ANZVI0803003229|3109
ANZVI0803003154|3110
ANZVI0803003203|3111
ANZVI0803003217|3112
ANZVI0803003207|3113
ANZVI0803003146|3114
ANZVI0803003192|3115
ANZVI0803003157|3116
ANZVI0803003141|3117
ANZVI0803003213|3118
ANZVI0803003188|3119
ANZVI0803004071|3120
ANZVI0803003184|3121
ANZVI0803003180|3122
ANZVI0803003165|3123
ANZVI0803003167|3124
ANZVI0803003543|3125
ANZVI0803003230|3126
ANZVI0803003176|3127
ANZVI0803003221|3128
ANZVI0803003225|3129
ANZVI0803003159|3130
ANZVI0803003197|3131
ANZVI0803003204|3132
ANZVI0803003147|3133
ANZVI0803003172|3134
ANZVI0803003151|3135
ANZVI0803003164|3136
ANZVI0803003193|3137
ANZVI0803002962|3138
ANZVI0803003160|3139
ANZVI0803003185|3140
ANZVI0803003210|3141
ANZVI0803003158|3142
ANZVI0803003200|3143
ANZVI0803003142|3144
ANZVI0803003214|3145
ANZVI0803003189|3146
ANZVI0803004072|3147
ANZVI0803003181|3148
ANZVI0803003542|3149
ANZVI0803003152|3150
ANZVI0803003224|3151
ANZVI0803003171|3152
ANZVI0803003220|3153
ANZVI0803003231|3154
ANZVI0803003175|3155
ANZVI0803002934|3156
ANZVI0803003144|3157
ANZVI0803003201|3158
ANZVI0803003166|3159
ANZVI0803004069|3160
ANZVI0803003179|3161
ANZVI0803003148|3162
ANZVI0803003228|3163
ANZVI0803003186|3164
ANZVI0803003194|3165
ANZVI0803003155|3166
ANZVI0803003211|3167
ANZVI0803003545|3168
ANZVI0803003143|3169
ANZVI0803003218|3170
ANZVI0803003215|3171
ANZVI0803003163|3172
ANZVI0803003182|3173
ANZVI0803004070|3174
ANZVI0803003153|3175
ANZVI0803004651|3914
ANZVI0803004655|3915
ANZVI0803004654|3916
ANZVI0803004653|3917
ANZVI0803004652|3918
ANZVI0803004656|3919
ANZVI0803004657|3920
ANZVI0803004658|3921
ANZVI0803004659|3922
ANZVI0803004660|3923
ANZVI0803004661|3924
ANZVI0803004662|3925
ANZVI0803004663|3926
ANZVI0803004665|3927
ANZVI0803004664|3928
ANZVI0803003564|3929
ANZVI0803004097|3931
ANZVI0803004230|3932
ANZVI0803004096|3933
ANZVI0803004250|3934
ANZVI0803004666|3935
ANZVI0803004667|3936
ANZVI0803004668|3937
ANZVI0803004671|3941
ANZVI0803004670|3942
ANZVI0803004669|3943
ANZVI0803004673|3944
ANZVI0803004672|3945
ANZVI0803004674|3946
ANZVI0803004675|3947
ANZVI0803004676|3948
ANZVI0803004677|3949
ANZVI0803004678|3950
ANZVI0803004679|3951
ANZVI0803004680|3952
ANZVI0803004681|3953
ANZVI0803004687|3959
ANZVI0803004688|3961
ANZVI0803004690|3962
ANZVI0803004691|3963
ANZVI0803004692|3964
ANZVI0803004693|3965
ANZVI0803004694|3966
ANZVI0803004695|3967
ANZVI0803004696|3968
ANZVI0803004697|3969
ANZVI0803004698|3970
ANZVI0803004699|3971
ANZVI0803004705|3972
ANZVI0803004700|3973
ANZVI0803004707|3974
ANZVI0803004709|3979
ANZVI0803004710|3980
ANZVI0803004711|3982
ANZVI0803004712|3985
ANZVI0803004714|3987
ANZVI0803004715|3989
ANZVI0803000051|3990
ANZVI0803000052|3991
ANZVI0803000053|3992
ANZVI0803000054|3993
ANZVI0803000055|3994
ANZVI0803000056|3995
ANZVI0803000057|3996
ANZVI0803004717|3997
ANZVI0803004716|3998
ANZVI0803004719|3999
ANZVI0803004720|4000
ANZVI0803004721|4001
ANZVI0803004722|4002
ANZVI0803004723|4005
ANZVI0803004724|4006
ANZVI0803000061|4008
ANZVI0803000062|4009
ANZVI0803000063|4010
ANZVI0803000064|4011
ANZVI0803004725|4012
ANZVI0803004728|4014
ANZVI0803004731|4015
ANZVI0803004729|4016
ANZVI0803004733|4017
ANZVI0803004726|4018
ANZVI0803004727|4019
ANZVI0803004730|4020
ANZVI0803004734|4021
ANZVI0803004736|4024
ANZVI0803004738|4028
ANZVI0803002668|4029
ANZVI0803004739|4030
ANZVI0803005431|4855
ANZVI0803005602|4898
ANZVI0803005603|4899
ANZVI0803001072|4982
ANZVI0803005476|4784
ANZVI0803005475|4785
ANZVI0803005478|4786
ANZVI0803005477|4787
ANZVI0803005472|4788
ANZVI0803005474|4789
ANZVI0803005473|4790
ANZVI0803005518|4818
ANZVI0803005554|4856
ANZVI0803003771|927
ANZVI0803003491|474
ANZVI0803003728|885
ANZVI0803003747|903
ANZVI0803003170|3176
ANZVI0803003169|3177
ANZVI0803003174|3178
ANZVI0803003136|3179
ANZVI0803003223|3180
ANZVI0803003541|3181
ANZVI0803003202|3182
ANZVI0803003199|3183
ANZVI0803003178|3184
ANZVI0803003195|3185
ANZVI0803002960|3186
ANZVI0803003190|3187
ANZVI0803003227|3188
ANZVI0803003183|3189
ANZVI0803003191|3190
ANZVI0803003216|3191
ANZVI0803003187|3192
ANZVI0803003162|3193
ANZVI0803003149|3194
ANZVI0803003145|3195
ANZVI0803003156|3196
ANZVI0803003212|3197
ANZVI0803004047|3071
ANZVI0803004046|3073
ANZVI0803004048|3075
ANZVI0803004141|3438
ANZVI0803004214|3511
ANZVI0803003666|772
ANZVI0803004068|3078
ANZVI0803004067|3083
ANZVI0803004057|3086
ANZVI0803004056|3091
ANZVI0803004065|3092
ANZVI0803004075|3200
ANZVI0803004076|3201
ANZVI0803004073|3202
ANZVI0803004074|3203
ANZVI0803004140|3437
ANZVI0803004156|3455
ANZVI0803004155|3456
ANZVI0803004154|3457
ANZVI0803004158|3458
ANZVI0803004159|3459
ANZVI0803004157|3460
ANZVI0803003092|42308
ANZVI0803003055|42346
ANZVI0803003056|42354
ANZVI0803003049|42364
ANZVI0803003090|42418
ANZVI0803002928|42425
ANZVI0803002925|42504
ANZVI0803002927|42576
ANZVI0803001018|42752
ANZVI0803001020|42767
ANZVI0803001024|42778
ANZVI0803001030|42805
ANZVI0803001031|42840
ANZVI0803001043|42848
ANZVI0803001045|42863
ANZVI0803001047|42878
ANZVI0803002866|42918
ANZVI0803002211|43033
ANZVI0803002677|43092
ANZVI0803002509|43147
ANZVI0803002728|43203
ANZVI0803002731|43226
ANZVI0803002732|43234
ANZVI0803002730|43242
ANZVI0803002729|43250
ANZVI0803002727|43346
ANZVI0803002555|43362
ANZVI0803002235|43398
ANZVI0803002236|43408
ANZVI0803002815|43419
ANZVI0803002216|43437
ANZVI0803002193|43447
ANZVI0803002198|43567
ANZVI0803002330|43627
ANZVI0803002331|43687
ANZVI0803002226|43717
ANZVI0803005572|43731
ANZVI0803002548|43808
ANZVI0803003061|44021
ANZVI0803002651|44030
ANZVI0803002428|44072
ANZVI0803002513|44132
ANZVI0803002742|44511
ANZVI0803002574|44676
ANZVI0803002369|44721
ANZVI0803002332|44745
ANZVI0803002348|44753
ANZVI0803002240|44762
ANZVI0803002227|44789
ANZVI0803002350|44830
ANZVI0803002843|44839
ANZVI0803002334|44867
ANZVI0803002575|44946
ANZVI0803002195|45006
ANZVI0803002239|45093
ANZVI0803002225|45264
ANZVI0803002840|45328
ANZVI0803002200|45430
ANZVI0803002436|45539
ANZVI0803002231|45582
ANZVI0803002232|45635
ANZVI0803002201|45691
ANZVI0803004741|4037
ANZVI0803004743|4044
ANZVI0803004745|4045
ANZVI0803004744|4047
ANZVI0803004754|4048
ANZVI0803004748|4050
ANZVI0803004756|4053
ANZVI0803004758|4054
ANZVI0803004759|4055
ANZVI0803004761|4056
ANZVI0803004763|4060
ANZVI0803004764|4061
ANZVI0803004765|4062
ANZVI0803003249|4063
ANZVI0803002971|4146
ANZVI0803004770|4147
ANZVI0803004767|4148
ANZVI0803004771|4149
ANZVI0803004768|4150
ANZVI0803004769|4151
ANZVI0803004766|4152
ANZVI0808000020|4153
ANZVI0803004740|4154
ANZVI0803004772|4155
ANZVI0803004773|4156
ANZVI0803004774|4157
ANZVI0803004775|4158
ANZVI0803004776|4162
ANZVI0803004812|4180
ANZVI0803004751|4181
ANZVI0803004816|4182
ANZVI0803004815|4183
ANZVI0803004753|4184
ANZVI0803004814|4185
ANZVI0803004813|4186
ANZVI0803004836|4190
ANZVI0803004843|4192
ANZVI0803004844|4193
ANZVI0803004845|4194
ANZVI0803004854|4207
ANZVI0803004853|4208
ANZVI0803004856|4209
ANZVI0803004857|4210
ANZVI0803004860|4211
ANZVI0803004859|4212
ANZVI0803004861|4213
ANZVI0803004871|4221
ANZVI0803004870|4222
ANZVI0803004872|4223
ANZVI0803004873|4224
ANZVI0803004875|4225
ANZVI0803004878|4226
ANZVI0803004879|4227
ANZVI0803004880|4228
ANZVI0803004881|4229
ANZVI0803004882|4230
ANZVI0803004877|4231
ANZVI0803004876|4232
ANZVI0803004883|4233
ANZVI0803999001|4238
ANZVI0803005389|4721
ANZVI0803005892|79497
ANZVI0803005891|79498
ANZVI0803008476|124391
ANZVI0803005493|4829
ANZVI0803005491|4830
ANZVI0803005492|4831
ANZVI0803005490|4832
ANZVI0803005504|4833
ANZVI0803005519|4834
ANZVI0803002199|45783
ANZVI0803003308|48748
ANZVI0803002320|40711
ANZVI0803002338|45730
ANZVI0803002405|40761
ANZVI0803002448|45572
ANZVI0803002552|41925
ANZVI0803002553|41828
ANZVI0803002561|41880
ANZVI0803002562|41998
ANZVI0803002733|43220
ANZVI0803002735|45066
ANZVI0803002800|41427
ANZVI0803002801|41435
ANZVI0803002854|41569
ANZVI0803002857|40150
ANZVI0803002920|42516
ANZVI0803002923|42322
ANZVI0803002982|40869
ANZVI0803002983|40917
ANZVI0803002990|41085
ANZVI0803003001|42936
ANZVI0803003051|42160
ANZVI0803003052|42169
ANZVI0803002508|41613
ANZVI0803002537|32242
ANZVI0803003613|744
ANZVI0803003615|746
ANZVI0803002141|748
ANZVI0803001064|501
ANZVI0803001055|102
ANZVI0803001059|103
ANZVI0803001090|105
ANZVI0803001091|106
ANZVI0803002006|111
ANZVI0803002012|113
ANZVI0803002068|118
ANZVI0803002101|120
ANZVI0803005896|80018
ANZVI0803001038|130
ANZVI0803002591|133
ANZVI0803002582|139
ANZVI0803002336|140
ANZVI0803002427|146
ANZVI0803002202|148
ANZVI0803002655|153
ANZVI0803002672|156
ANZVI0803002674|158
ANZVI0803002368|166
ANZVI0803002605|169
ANZVI0803002606|170
ANZVI0803002702|177
ANZVI0803002510|178
ANZVI0803002654|188
ANZVI0803003646|787
ANZVI0803003673|788
ANZVI0803003691|813
ANZVI0803003690|814
ANZVI0803002958|3198
ANZVI0803003219|3199
ANZVI0803004121|3422
ANZVI0803004120|3423
ANZVI0803002203|44848
ANZVI0803002305|31421
ANZVI0803002337|45527
ANZVI0803002376|31840
ANZVI0803002573|44564
ANZVI0803002622|42979
ANZVI0803002636|31839
ANZVI0803002725|45410
ANZVI0803002744|44698
ANZVI0803002813|31640
ANZVI0803002859|40176
ANZVI0803002913|31518
ANZVI0803002924|42583
ANZVI0803003029|42600
ANZVI0803003034|31930
ANZVI0803003080|39873
ANZVI0803003091|31351
ANZVI0803003161|31348
ANZVI0803003258|358
ANZVI0803003260|361
ANZVI0803003263|363
ANZVI0803003265|365
ANZVI0803003267|367
ANZVI0803003269|369
ANZVI0803003272|373
ANZVI0803003275|376
ANZVI0803004884|4239
ANZVI0803004886|4240
ANZVI0803004885|4241
ANZVI0803004888|4242
ANZVI0803004891|4243
ANZVI0803004895|4244
ANZVI0803004894|4245
ANZVI0803004900|4247
ANZVI0803004901|4248
ANZVI0803004899|4249
ANZVI0803004902|4250
ANZVI0803004903|4251
ANZVI0803004907|4252
ANZVI0803004908|4253
ANZVI0803004909|4255
ANZVI0803004912|4256
ANZVI0803004914|4257
ANZVI0803004913|4258
ANZVI0803004904|4259
ANZVI0803004915|4260
ANZVI0803004920|4261
ANZVI0803004923|4264
ANZVI0803004916|4265
ANZVI0803004917|4267
ANZVI0803004927|4269
ANZVI0803004924|4272
ANZVI0803004925|4273
ANZVI0803004926|4275
ANZVI0803004933|4277
ANZVI0803000320|4280
ANZVI0803000321|4281
ANZVI0803004937|4283
ANZVI0803004938|4284
ANZVI0803004949|4286
ANZVI0803004948|4288
ANZVI0803004940|4289
ANZVI0803004947|4290
ANZVI0803004950|4291
ANZVI0803004946|4292
ANZVI0803004945|4293
ANZVI0803004974|4296
ANZVI0803004978|4301
ANZVI0803004981|4303
ANZVI0803004982|4304
ANZVI0803004980|4306
ANZVI0803004976|4307
ANZVI0803004984|4308
ANZVI0803004985|4309
ANZVI0803005005|4310
ANZVI0803004996|4312
ANZVI0803005004|4313
ANZVI0803005000|4316
ANZVI0803004998|4317
ANZVI0803005001|4318
ANZVI0803004997|4319
ANZVI0803005006|4322
ANZVI0803004988|4323
ANZVI0803004987|4324
ANZVI0803005007|4325
ANZVI0803004999|4326
ANZVI0803004995|4327
ANZVI0803005003|4328
ANZVI0803005002|4331
ANZVI0803005023|4332
ANZVI0803005011|4333
ANZVI0803005022|4334
ANZVI0803005019|4335
ANZVI0803005021|4336
ANZVI0803005013|4337
ANZVI0803005008|4338
ANZVI0803005014|4340
ANZVI0803005020|4341
ANZVI0803005009|4342
ANZVI0803005016|4343
ANZVI0803005010|4344
ANZVI0803005015|4345
ANZVI0803005025|4346
ANZVI0803005018|4347
ANZVI0803005024|4348
ANZVI0803005012|4349
ANZVI0803005017|4350
ANZVI0803005027|4351
ANZVI0803005031|4352
ANZVI0803005409|4725
ANZVI0803005412|4726
ANZVI0803005410|4727
ANZVI0803005408|4728
ANZVI0803005411|4730
ANZVI0803005505|4805
ANZVI0803005552|4852
ANZVI0803005551|4853
ANZVI0803005644|4935
ANZVI0803004713|3986
ANZVI0803005390|4722
ANZVI0803005588|4885
ANZVI0803003356|51930
ANZVI0803003358|51932
ANZVI0803003369|52314
ANZVI0803003374|51950
ANZVI0803003383|43856
ANZVI0803003430|52410
ANZVI0803003434|44150
ANZVI0803003496|503
ANZVI0803003512|53081
ANZVI0803003515|53286
ANZVI0803003520|53133
ANZVI0803003526|53020
ANZVI0803003531|53119
ANZVI0803003557|53978
ANZVI0803004237|3533
ANZVI0803004258|3534
ANZVI0803004257|3536
ANZVI0803003523|53008
ANZVI0803003527|53031
ANZVI0803003533|53067
ANZVI0803003519|53107
ANZVI0803003529|53158
ANZVI0803003508|53195
ANZVI0803003522|53237
ANZVI0803003517|53262
ANZVI0803003063|32185
ANZVI0803003236|737
ANZVI0803002538|31286
ANZVI0803003126|31490
ANZVI0803002916|31649
ANZVI0803003293|48737
ANZVI0803003375|43993
ANZVI0803004182|3480
ANZVI0803004183|3481
ANZVI0803004184|3482
ANZVI0803004185|3483
ANZVI0803004181|3484
ANZVI0803003299|789
ANZVI0803003298|790
ANZVI0803002603|197
ANZVI0803002430|204
ANZVI0803002519|210
ANZVI0803002604|212
ANZVI0803002658|216
ANZVI0803002786|218
ANZVI0803002789|219
ANZVI0803002792|221
ANZVI0803002796|223
ANZVI0803001054|241
ANZVI0808000006|253
ANZVI0803005041|4361
ANZVI0803005042|4363
ANZVI0803005047|4364
ANZVI0803005048|4365
ANZVI0803004889|4366
ANZVI0803004910|4371
ANZVI0803005049|4372
ANZVI0803005050|4374
ANZVI0803005051|4375
ANZVI0803005053|4376
ANZVI0803005056|4385
ANZVI0803005037|4387
ANZVI0803005038|4388
ANZVI0803005057|4389
ANZVI0803005059|4390
ANZVI0803005060|4391
ANZVI0803005063|4392
ANZVI0803005062|4393
ANZVI0803005061|4394
ANZVI0803005065|4396
ANZVI0803005073|4405
ANZVI0803005075|4406
ANZVI0803005076|4407
ANZVI0803004951|4408
ANZVI0803004952|4409
ANZVI0803004953|4410
ANZVI0803004954|4411
ANZVI0803004955|4412
ANZVI0803004956|4413
ANZVI0803004957|4414
ANZVI0803004958|4415
ANZVI0803004959|4416
ANZVI0803004960|4417
ANZVI0803004961|4418
ANZVI0803004962|4419
ANZVI0803004963|4420
ANZVI0803004964|4421
ANZVI0803004965|4422
ANZVI0803004966|4423
ANZVI0803004967|4424
ANZVI0803004968|4425
ANZVI0803004969|4426
ANZVI0803004970|4427
ANZVI0803004972|4428
ANZVI0803004973|4429
ANZVI0803005077|4430
ANZVI0803005078|4431
ANZVI0803005079|4432
ANZVI0803005080|4433
ANZVI0803005088|4440
ANZVI0803005090|4441
ANZVI0803005091|4443
ANZVI0803004893|4444
ANZVI0803004892|4445
ANZVI0803005095|4446
ANZVI0803005097|4448
ANZVI0803005099|4449
ANZVI0803004971|4451
ANZVI0803005101|4452
ANZVI0803005103|4454
ANZVI0803005106|4455
ANZVI0803005105|4456
ANZVI0803000348|4461
ANZVI0803005157|4462
ANZVI0803005158|4463
ANZVI0803005159|4464
ANZVI0803005677|4966
ANZVI0803005678|4967
ANZVI0803005679|4968
ANZVI0803005680|4969
ANZVI0803003941|1079
ANZVI0803003787|943
ANZVI0803003791|947
ANZVI0803003800|955
ANZVI0803003818|965
ANZVI0803003832|979
ANZVI0803003706|821
ANZVI0803003723|881
ANZVI0803003740|896
ANZVI0803003748|904
ANZVI0803003466|876
ANZVI0803005645|4936
ANZVI0803005912|87566
ANZVI0808000017|276
ANZVI0803002031|280
ANZVI0803002709|283
ANZVI0803002594|289
ANZVI0803002577|290
ANZVI0803002839|296
ANZVI0803002844|297
ANZVI0803002847|299
ANZVI0803002862|304
ANZVI0803002863|305
ANZVI0803002074|314
ANZVI0803002075|315
ANZVI0803002955|321
ANZVI0803002961|324
ANZVI0803003021|329
ANZVI0803003035|330
ANZVI0803003064|335
ANZVI0803003068|338
ANZVI0803003070|340
ANZVI0803003132|347
ANZVI0803003208|349
ANZVI0803003251|356
ANZVI0803003404|54371
ANZVI0803003256|372
ANZVI0803002171|383
ANZVI0803003332|388
ANZVI0803003329|390
ANZVI0803003331|392
ANZVI0803003335|394
ANZVI0803003344|397
ANZVI0803003365|399
ANZVI0803003388|401
ANZVI0803003397|402
ANZVI0803003400|404
ANZVI0803003403|407
ANZVI0803003408|410
ANZVI0803003411|413
ANZVI0803003414|415
ANZVI0803003419|418
ANZVI0803003422|421
ANZVI0803003426|423
ANZVI0803003429|426
ANZVI0803003437|428
ANZVI0803003447|433
ANZVI0803003450|435
ANZVI0803003451|436
ANZVI0803003452|437
ANZVI0803003453|438
ANZVI0803003458|442
ANZVI0803003459|443
ANZVI0803003462|446
ANZVI0803003469|452
ANZVI0803003472|455
ANZVI0803003702|825
ANZVI0803003774|930
ANZVI0803003776|932
ANZVI0803003779|935
ANZVI0803003781|937
ANZVI0803003785|941
ANZVI0803003788|944
ANZVI0803003790|946
ANZVI0803003792|948
ANZVI0803003797|952
ANZVI0803003799|954
ANZVI0803003803|957
ANZVI0803003812|959
ANZVI0803003816|963
ANZVI0803003819|966
ANZVI0803003822|969
ANZVI0803003824|971
ANZVI0803003828|975
ANZVI0803003831|978
ANZVI0803003834|981
ANZVI0803003836|983
ANZVI0803003845|987
ANZVI0803003848|990
ANZVI0803003851|993
ANZVI0803005851|65499
ANZVI0803005164|4474
ANZVI0803005171|4478
ANZVI0803005173|4479
ANZVI0803005175|4481
ANZVI0803005177|4483
ANZVI0803005178|4484
ANZVI0803005182|4485
ANZVI0803005179|4486
ANZVI0803005180|4487
ANZVI0803005181|4488
ANZVI0803005183|4489
ANZVI0803005184|4490
ANZVI0803005112|4491
ANZVI0803005139|4492
ANZVI0803005127|4493
ANZVI0803005136|4494
ANZVI0803005109|4495
ANZVI0803005134|4496
ANZVI0803005117|4497
ANZVI0803005122|4498
ANZVI0803005118|4499
ANZVI0803005114|4500
ANZVI0803005130|4501
ANZVI0803005144|4502
ANZVI0803005133|4503
ANZVI0803005137|4505
ANZVI0803005113|4506
ANZVI0803005128|4509
ANZVI0803005129|4510
ANZVI0803005131|4511
ANZVI0803005115|4512
ANZVI0803005138|4513
ANZVI0803005132|4514
ANZVI0803005140|4515
ANZVI0803005110|4516
ANZVI0803005125|4517
ANZVI0803005141|4518
ANZVI0803005116|4519
ANZVI0803005185|4521
ANZVI0803005187|4523
ANZVI0803005193|4524
ANZVI0803005194|4525
ANZVI0803005126|4529
ANZVI0803005199|4531
ANZVI0803005201|4533
ANZVI0803005203|4534
ANZVI0803005208|4535
ANZVI0803005207|4536
ANZVI0803005204|4537
ANZVI0803005206|4538
ANZVI0803005205|4539
ANZVI0803005211|4540
ANZVI0803005219|4541
ANZVI0803005214|4542
ANZVI0803005213|4543
ANZVI0803005216|4544
ANZVI0803005215|4545
ANZVI0803005218|4546
ANZVI0803005217|4547
ANZVI0803005228|4548
ANZVI0803005223|4549
ANZVI0803005226|4550
ANZVI0803005227|4551
ANZVI0803005231|4552
ANZVI0803005232|4553
ANZVI0803005233|4554
ANZVI0803005234|4555
ANZVI0803005238|4557
ANZVI0803005239|4558
ANZVI0803005100|4569
ANZVI0803005200|4570
ANZVI0803005235|4571
ANZVI0803005240|4572
ANZVI0803005241|4573
ANZVI0803005243|4574
ANZVI0803005245|4576
ANZVI0803005248|4579
ANZVI0803005850|65500
ANZVI0803005406|4724
ANZVI0803005432|4774
ANZVI0803005470|4775
ANZVI0803005471|4776
ANZVI0803005469|4777
ANZVI0803005468|4778
ANZVI0803005467|4779
ANZVI0803005466|4780
ANZVI0803005465|4781
ANZVI0803005464|4782
ANZVI0803005463|4783
ANZVI0803005534|4836
ANZVI0803005535|4837
ANZVI0803005533|4838
ANZVI0008102587|112767
ANZVI0803003934|1073
ANZVI0803003760|916
ANZVI0803003766|922
ANZVI0803003786|942
ANZVI0803003794|950
ANZVI0803003823|970
ANZVI0803003473|456
ANZVI0803003487|470
ANZVI0803003489|472
ANZVI0803003725|882
ANZVI0803003730|887
ANZVI0803003736|892
ANZVI0803003743|899
ANZVI0803003750|906
ANZVI0803003257|357
ANZVI0803003273|374
ANZVI0803003467|877
ANZVI0803005698|4981
ANZVI0803003854|996
ANZVI0803003856|998
ANZVI0803003859|1001
ANZVI0803003862|1004
ANZVI0803003866|1008
ANZVI0803003869|1011
ANZVI0803003872|1014
ANZVI0803003876|1018
ANZVI0803003879|1021
ANZVI0803004115|3494
ANZVI0803003030|3495
ANZVI0803004206|3503
ANZVI0803003347|50071
ANZVI0803003841|3373
ANZVI0803003483|466
ANZVI0803003484|467
ANZVI0803003571|514
ANZVI0803003497|477
ANZVI0803003498|478
ANZVI0803003499|479
ANZVI0803003500|480
ANZVI0803003501|481
ANZVI0803003502|482
ANZVI0803003503|483
ANZVI0803003504|484
ANZVI0803003505|485
ANZVI0803003537|490
ANZVI0803003549|496
ANZVI0803003552|497
ANZVI0803003553|498
ANZVI0803003554|499
ANZVI0803003562|500
ANZVI0803003590|538
ANZVI0803003327|52411
ANZVI0803003650|766
ANZVI0803003651|767
ANZVI0803002693|798
ANZVI0803003762|918
ANZVI0803003764|920
ANZVI0803003765|921
ANZVI0803003767|923
ANZVI0803003768|924
ANZVI0803003770|926
ANZVI0803003773|929
ANZVI0803003775|931
ANZVI0803003777|933
ANZVI0803003778|934
ANZVI0803003780|936
ANZVI0803003782|938
ANZVI0803003783|939
ANZVI0803005426|4739
ANZVI0803005670|4961
ANZVI0803005250|4581
ANZVI0803005251|4582
ANZVI0803005252|4584
ANZVI0803005257|4585
ANZVI0803005275|4587
ANZVI0803005270|4588
ANZVI0803005265|4589
ANZVI0803005272|4591
ANZVI0803005264|4592
ANZVI0803005277|4593
ANZVI0803005267|4594
ANZVI0803005271|4595
ANZVI0803005274|4596
ANZVI0803005269|4597
ANZVI0803005273|4598
ANZVI0803005268|4599
ANZVI0803005276|4600
ANZVI0803005212|4601
ANZVI0803005278|4602
ANZVI0803004834|4608
ANZVI0803002406|4609
ANZVI0803002408|4610
ANZVI0803002411|4611
ANZVI0803002412|4612
ANZVI0803002414|4613
ANZVI0803002416|4614
ANZVI0803004887|4624
ANZVI0803004975|4628
ANZVI0803004983|4629
ANZVI0803005026|4630
ANZVI0803005147|4634
ANZVI0803005148|4635
ANZVI0803005149|4636
ANZVI0803005150|4637
ANZVI0803005151|4638
ANZVI0803005152|4639
ANZVI0803005172|4640
ANZVI0803005285|4641
ANZVI0803005288|4642
ANZVI0803005289|4643
ANZVI0803005296|4644
ANZVI0803005297|4645
ANZVI0803005298|4646
ANZVI0803005303|4647
ANZVI0803005302|4648
ANZVI0803002261|4649
ANZVI0803005310|4650
ANZVI0803005309|4651
ANZVI0803005311|4652
ANZVI0803005316|4653
ANZVI0803005315|4654
ANZVI0803005314|4655
ANZVI0803005313|4656
ANZVI0803005317|4657
ANZVI0803005318|4658
ANZVI0803005320|4659
ANZVI0803005322|4660
ANZVI0803005326|4661
ANZVI0803005329|4662
ANZVI0803005330|4663
ANZVI0803005333|4665
ANZVI0803005334|4666
ANZVI0803005335|4667
ANZVI0803005340|4668
ANZVI0803005339|4669
ANZVI0803005341|4670
ANZVI0803005345|4671
ANZVI0803005342|4672
ANZVI0803005344|4673
ANZVI0803005343|4674
ANZVI0803005346|4675
ANZVI0803005347|4676
ANZVI0803005351|4677
ANZVI0803005353|4678
ANZVI0803005354|4679
ANZVI0803005355|4680
ANZVI0803005352|4681
ANZVI0803005357|4682
ANZVI0803005356|4683
ANZVI0803005360|4684
ANZVI0803005359|4685
ANZVI0803005358|4686
ANZVI0803005361|4687
ANZVI0803005363|4688
ANZVI0803005367|4691
ANZVI0803005370|4692
ANZVI0803005372|4693
ANZVI0803005373|4694
ANZVI0803005279|4704
ANZVI0803005374|4705
ANZVI0803005377|4707
ANZVI0803005379|4709
ANZVI0803005378|4710
ANZVI0803005557|4970
ANZVI0803005528|4826
ANZVI0803005529|4827
ANZVI0803005647|4937
ANZVI0803005648|4938
ANZVI0803005649|4939
ANZVI0803002976|44938
ANZVI0803005430|4743
ANZVI0803005429|4744
ANZVI0803003833|980
ANZVI0803003835|982
ANZVI0803003843|985
ANZVI0803003844|986
ANZVI0803003846|988
ANZVI0803003847|989
ANZVI0803003849|991
ANZVI0803003850|992
ANZVI0803003852|994
ANZVI0803003855|997
ANZVI0803003857|999
ANZVI0803003858|1000
ANZVI0803003860|1002
ANZVI0803003861|1003
ANZVI0803003863|1005
ANZVI0803003864|1006
ANZVI0803003867|1009
ANZVI0803003868|1010
ANZVI0803003870|1012
ANZVI0803003871|1013
ANZVI0803003873|1015
ANZVI0803003874|1016
ANZVI0803003877|1019
ANZVI0803003734|2806
ANZVI0803003940|2807
ANZVI0803003949|2809
ANZVI0803003950|2810
ANZVI0803003951|2811
ANZVI0803003952|2812
ANZVI0803003953|2813
ANZVI0803003014|2814
ANZVI0803003990|2815
ANZVI0803002089|2816
ANZVI0803003319|2817
ANZVI0803003139|2818
ANZVI0803003663|2819
ANZVI0803003994|2820
ANZVI0803002085|2821
ANZVI0803001027|2823
ANZVI0803002660|2824
ANZVI0803002357|2825
ANZVI0803002827|2826
ANZVI0803004001|2827
ANZVI0803003075|2829
ANZVI0803001015|2830
ANZVI0803003010|2831
ANZVI0803003098|2832
ANZVI0803003971|2835
ANZVI0803002748|2838
ANZVI0803003976|2841
ANZVI0803003576|2842
ANZVI0803002219|2843
ANZVI0803003999|2844
ANZVI0803003972|2845
ANZVI0803002360|2846
ANZVI0803003967|2847
ANZVI0803003998|2848
ANZVI0803003288|2850
ANZVI0803002623|2851
ANZVI0803003284|2852
ANZVI0803003710|2853
ANZVI0803003338|2855
ANZVI0803002564|2857
ANZVI0803002046|2858
ANZVI0803003648|2860
ANZVI0803003958|2862
ANZVI0803002391|2863
ANZVI0803003588|2864
ANZVI0803002749|2865
ANZVI0803002399|2866
ANZVI0803003617|2867
ANZVI0803002410|2869
ANZVI0803003655|2870
ANZVI0803002395|2872
ANZVI0803003991|2874
ANZVI0803003346|2875
ANZVI0803003100|2876
ANZVI0803002052|2877
ANZVI0803002626|2878
ANZVI0803002307|2879
ANZVI0803002745|2880
ANZVI0803003839|2882
ANZVI0803004002|2884
ANZVI0803004003|2885
ANZVI0803003968|2886
ANZVI0803003438|2888
ANZVI0803002361|2890
ANZVI0803003995|2891
ANZVI0803003579|2892
ANZVI0803001049|2893
ANZVI0803003333|2895
ANZVI0803002340|2896
ANZVI0803003625|2897
ANZVI0803002335|2898
ANZVI0803003000|2899
ANZVI0803002663|2901
ANZVI0803003285|2902
ANZVI0803002018|2903
ANZVI0803003337|2904
ANZVI0803003018|2905
ANZVI0803005380|4711
ANZVI0803005382|4712
ANZVI0803005383|4713
ANZVI0803005381|4714
ANZVI0803005369|4716
ANZVI0803005385|4717
ANZVI0803005387|4718
ANZVI0803005388|4719
ANZVI0803005386|4720
ANZVI0803005423|4731
ANZVI0803005424|4732
ANZVI0803005422|4733
ANZVI0803005419|4734
ANZVI0803005421|4735
ANZVI0803005420|4736
ANZVI0803005417|4737
ANZVI0803005418|4738
ANZVI0803005425|4741
ANZVI0803005428|4742
ANZVI0803005506|4806
ANZVI0803005507|4807
ANZVI0803005509|4809
ANZVI0803005510|4810
ANZVI0803005520|4819
ANZVI0803005538|4841
ANZVI0803005549|4850
ANZVI0803005553|4854
ANZVI0803005567|4869
ANZVI0803005571|4870
ANZVI0803005570|4871
ANZVI0803005573|4872
ANZVI0803005691|4985
ANZVI0803005579|4874
ANZVI0803005574|4875
ANZVI0803005584|4876
ANZVI0803005583|4877
ANZVI0803005582|4878
ANZVI0803005581|4879
ANZVI0803005580|4880
ANZVI0803005586|4881
ANZVI0803005585|4882
ANZVI0803005587|4883
ANZVI0803005589|4886
ANZVI0803005610|4900
ANZVI0803005611|4901
ANZVI0803005609|4902
ANZVI0803005608|4903
ANZVI0803005605|4904
ANZVI0803005604|4905
ANZVI0803005607|4906
ANZVI0803005606|4907
ANZVI0803005613|4908
ANZVI0803005614|4909
ANZVI0803005615|4910
ANZVI0803005616|4911
ANZVI0803005617|4912
ANZVI0803005618|4913
ANZVI0803005631|4920
ANZVI0803005630|4921
ANZVI0803005629|4922
ANZVI0803005632|4923
ANZVI0803005633|4924
ANZVI0803005653|4941
ANZVI0803005652|4942
ANZVI0803005659|4946
ANZVI0803005661|4949
ANZVI0803005662|4950
ANZVI0803005666|4957
ANZVI0803005668|4959
ANZVI0803005669|4960
ANZVI0803005671|4962
ANZVI0803005675|4964
ANZVI0803005676|4965
ANZVI0803005687|4973
ANZVI0803005688|4974
ANZVI0803005689|4975
ANZVI0803005703|4986
ANZVI0803005692|4987
ANZVI0803005690|4988
ANZVI0803005705|4994
ANZVI0803005620|4914
ANZVI0803005651|4940
ANZVI0803005667|4958
ANZVI0803005672|4963
ANZVI0008100718|108965
ANZVI0803003931|1070
ANZVI0803003894|1035
ANZVI0803003789|945
ANZVI0803003817|964
ANZVI0803003732|889
ANZVI0803003757|913
ANZVI0803003259|359
ANZVI0803002894|307
ANZVI0803005495|4795
ANZVI0803005496|4796
ANZVI0803005494|4797
ANZVI0803005499|4798
ANZVI0803005497|4799
ANZVI0803005498|4800
ANZVI0803005500|4801
ANZVI0803005502|4802
ANZVI0803005501|4803
ANZVI0803005503|4804
ANZVI0803005696|4979
ANZVI0803002811|234
ANZVI0803003405|2907
ANZVI0803002586|2910
ANZVI0803002652|2912
ANZVI0803003647|2913
ANZVI0803003446|2914
ANZVI0803002090|2916
ANZVI0803002390|2917
ANZVI0803003838|2918
ANZVI0803003978|2919
ANZVI0803002778|2921
ANZVI0803003992|2922
ANZVI0803003652|2925
ANZVI0803002083|2926
ANZVI0803002409|2927
ANZVI0803003633|2928
ANZVI0803003809|2929
ANZVI0803003608|2930
ANZVI0803004006|2931
ANZVI0803002943|3419
ANZVI0803002694|800
ANZVI0803002344|801
ANZVI0803003591|803
ANZVI0803003676|804
ANZVI0803003678|805
ANZVI0803003692|835
ANZVI0803003048|836
ANZVI0803003693|837
ANZVI0803003656|838
ANZVI0803003694|839
ANZVI0803003654|840
ANZVI0803003681|841
ANZVI0803003008|842
ANZVI0803003695|843
ANZVI0803003658|844
ANZVI0803003696|845
ANZVI0803003653|846
ANZVI0803003699|847
ANZVI0803003657|848
ANZVI0803003902|1043
ANZVI0803003903|1044
ANZVI0803003904|1045
ANZVI0803003905|1046
ANZVI0803003906|1047
ANZVI0803003907|1048
ANZVI0803003908|1049
ANZVI0803003909|1050
ANZVI0803003910|1051
ANZVI0803003911|1052
ANZVI0803003912|1053
ANZVI0803003914|1054
ANZVI0803003915|1055
ANZVI0803003916|1056
ANZVI0803003917|1057
ANZVI0803003918|1058
ANZVI0803003919|1059
ANZVI0803003920|1060
ANZVI0803003922|1061
ANZVI0803003923|1062
ANZVI0803003924|1063
ANZVI0803003925|1064
ANZVI0803003926|1065
ANZVI0803003927|1066
ANZVI0803003928|1067
ANZVI0803003932|1071
ANZVI0803004012|3013
ANZVI0803005427|4740
ANZVI0803005515|4815
ANZVI0803005526|4824
ANZVI0803005527|4825
ANZVI0803005547|4842
ANZVI0803005548|4843
ANZVI0803005545|4844
ANZVI0803005546|4845
ANZVI0803005544|4846
ANZVI0803005541|4847
ANZVI0803005542|4848
ANZVI0803005540|4849
ANZVI0803005590|4887
ANZVI0803005622|4915
ANZVI0803005709|5339
ANZVI0803005708|5340
ANZVI0803005550|4851
ANZVI0803005683|4971
ANZVI0803005684|4972
ANZVI0803005894|79671
ANZVI0803005893|79672
ANZVI0803004684|3956
ANZVI0803004689|3960
ANZVI0803003964|3014
ANZVI0803004011|3015
ANZVI0803002183|3296
ANZVI0803002647|3297
ANZVI0803002071|3299
ANZVI0803003593|3300
ANZVI0803002883|3301
ANZVI0803003665|3302
ANZVI0803004099|3308
ANZVI0803004131|3428
ANZVI0803004129|3429
ANZVI0803004130|3430
ANZVI0803004197|3499
ANZVI0803004202|3500
ANZVI0803004203|3501
ANZVI0803004218|3513
ANZVI0803004244|3526
ANZVI0803004249|3527
ANZVI0803004251|3528
ANZVI0803004252|3529
ANZVI0803004253|3530
ANZVI0803004243|3531
ANZVI0803003707|820
ANZVI0803003708|822
ANZVI0803003913|1080
ANZVI0803003921|1081
ANZVI0803002867|2932
ANZVI0803003575|2934
ANZVI0803003555|2935
ANZVI0803003974|2936
ANZVI0803003810|2937
ANZVI0803003969|2938
ANZVI0803003574|2939
ANZVI0803003578|2940
ANZVI0803003507|2941
ANZVI0803003996|2942
ANZVI0803004010|2944
ANZVI0803002228|2945
ANZVI0803003970|2946
ANZVI0803002616|2947
ANZVI0803003286|2949
ANZVI0803002148|2950
ANZVI0803003664|2951
ANZVI0803002566|2953
ANZVI0803002653|2954
ANZVI0803002780|2955
ANZVI0803002747|2956
ANZVI0803003977|2957
ANZVI0803003623|2958
ANZVI0803003017|2959
ANZVI0803003993|2960
ANZVI0803003709|2962
ANZVI0803003013|2963
ANZVI0803004000|2964
ANZVI0803003641|2965
ANZVI0803004009|2966
ANZVI0803001098|2967
ANZVI0803003024|2969
ANZVI0803003997|2971
ANZVI0803003837|2972
ANZVI0803002649|2973
ANZVI0803002050|2975
ANZVI0803003556|2976
ANZVI0803003573|2977
ANZVI0803003598|2978
ANZVI0803003072|2979
ANZVI0803003973|2980
ANZVI0803003577|2981
ANZVI0803003097|2982
ANZVI0803002197|2985
ANZVI0803002363|2986
ANZVI0803003323|2987
ANZVI0803003840|2989
ANZVI0803003287|2990
ANZVI0803002661|2992
ANZVI0803003283|2993
ANZVI0803003302|2996
ANZVI0803002659|2997
ANZVI0803003019|2998
ANZVI0803003718|2999
ANZVI0803002206|3000
ANZVI0803003325|48919
ANZVI0803003561|54033
ANZVI0803003610|742
ANZVI0803003572|517
ANZVI0803003137|32247
ANZVI0803003237|738
ANZVI0803001032|48086
ANZVI0803003604|750
ANZVI0803003539|533
ANZVI0803003390|51039
ANZVI0803003394|51113
ANZVI0803003372|52339
ANZVI0803002515|45390
ANZVI0803003494|502
ANZVI0803002635|51295
ANZVI0803003424|44169
ANZVI0803005437|4749
ANZVI0803005438|4750
ANZVI0803005439|4751
ANZVI0803005440|4752
ANZVI0803005441|4753
ANZVI0803005532|4835
ANZVI0803005098|4457
ANZVI0803003933|1072
ANZVI0803003937|1076
ANZVI0803003939|1078
ANZVI0803003881|1023
ANZVI0803003883|1025
ANZVI0803003885|1027
ANZVI0803003887|1029
ANZVI0803003890|1032
ANZVI0803003893|1034
ANZVI0803003895|1036
ANZVI0803003897|1038
ANZVI0803003899|1040
ANZVI0803003901|1042
ANZVI0803005512|4811
ANZVI0803005511|4812
ANZVI0803005693|4976
ANZVI0803005695|4977
ANZVI0803005694|4978
ANZVI0803005914|90128
ANZVI0803005915|90129
ANZVI0803005916|90130
ANZVI0803005917|90131
ANZVI0803005918|90132
ANZVI0803005919|90133
ANZVI0803005944|92328
ANZVI0803005943|92329
ANZVI0803005942|92330
ANZVI0803005941|92331
ANZVI0803005940|92332
ANZVI0803005939|92333
ANZVI0803005938|92334
ANZVI0803005937|92335
ANZVI0803005936|92336
ANZVI0803005935|92337
ANZVI0803005934|92338
ANZVI0803005933|92339
ANZVI0803002229|50625
ANZVI0803002524|51326
ANZVI0803003348|50118
ANZVI0803003930|1069
ANZVI0803005729|12343
ANZVI0803005727|12344
ANZVI0803005728|12345
ANZVI0803005725|12346
ANZVI0803005726|12347
ANZVI0803005724|12348
ANZVI0803005723|12349
ANZVI0803005721|12350
ANZVI0803005720|12351
ANZVI0803005737|12352
ANZVI0803005736|12353
ANZVI0803005738|12354
ANZVI0803005730|12355
ANZVI0803005731|12356
ANZVI0803005732|12357
ANZVI0803005733|12358
ANZVI0803005734|12359
ANZVI0803005735|12360
ANZVI0803003482|465
ANZVI0803003722|880
ANZVI0803003756|912
ANZVI0803003277|378
ANZVI0803003465|451
ANZVI0008103220|118694
ANZVI0803008472|121505
ANZVI0803004935|4278
ANZVI0803004943|4295
ANZVI0803005083|4436
ANZVI0803005086|4439
ANZVI0803002523|51372
ANZVI0803003349|50119
ANZVI0803002804|231
ANZVI0803004682|3954
ANZVI0803003830|977
ANZVI0803003485|468
ANZVI0803005974|105313
ANZVI0803002669|44492
ANZVI0803004939|4282
ANZVI0803005084|4437
ANZVI0803003350|51685
ANZVI0803003763|919
ANZVI0803003738|894
ANZVI0803002495|31263
ANZVI0803004936|4279
ANZVI0803004942|4285
ANZVI0803004944|4294
ANZVI0803003769|925
ANZVI0803002493|31621
ANZVI0803003391|51095
ANZVI0803005085|4438
ANZVI0803005054|4384
ANZVI0803004930|4274
ANZVI0803004934|4276
ANZVI0803004941|4287
ANZVI0803002424|43749
ANZVI0803002973|44922
ANZVI0803005082|4435
ANZVI0803005096|4447
ANZVI0803002598|50556
ANZVI0803002599|50120
ANZVI0803005745|15084
ANZVI0803005744|15085
ANZVI0803003386|51949
ANZVI0803002224|50602
ANZVI0803005746|15766
ANZVI0803003811|958
ANZVI0803003262|362
ANZVI0803002370|44729
ANZVI0803005897|81051
ANZVI0803005834|78293
ANZVI0803003793|949
ANZVI0803003733|890
ANZVI0803008464|118527
ANZVI0803008463|118528
ANZVI0803007957|111378
ANZVI0803008441|114535
ANZVI0803005742|12871
ANZVI0803005739|12872
ANZVI0803005743|12873
ANZVI0803005748|16447
ANZVI0803005750|16448
ANZVI0803005749|16449
ANZVI0803005747|16450
ANZVI0803005947|98645
ANZVI0803005771|23213
ANZVI0803005774|25736
ANZVI0803005945|93008
ANZVI0803008445|117671
ANZVI0803005773|25566
ANZVI0803005772|25567
ANZVI0803004929|4271
ANZVI0803003929|1068
ANZVI0803005921|90646
ANZVI0008100788|118695
ANZVI0803004932|4268
ANZVI0803005901|83109
ANZVI0803005904|83110
ANZVI0803005903|83111
ANZVI0803005905|83112
ANZVI0803005769|22875
ANZVI0803005759|18657
ANZVI0803005758|18658
ANZVI0803005754|18659
ANZVI0803005755|18660
ANZVI0803005756|18661
ANZVI0803005757|18662
ANZVI0803005751|18663
ANZVI0803005752|18664
ANZVI0803005753|18665
ANZVI0803005760|18666
ANZVI0803005763|18667
ANZVI0803005764|18668
ANZVI0803005761|18669
ANZVI0803005762|18670
ANZVI0803004928|4270
ANZVI0803004906|4254
ANZVI0803005768|22202
ANZVI0803008446|118017
ANZVI0803008448|118018
ANZVI0803008447|118019
ANZVI0803005770|23044
ANZVI0803005765|20183
ANZVI0803005900|82258
ANZVI0803005908|87391
ANZVI0803005909|87392
ANZVI0803005911|87393
ANZVI0803005910|87394
ANZVI0008103200|113847
ANZVI0803005767|22033
ANZVI0803005081|4434
ANZVI0803008477|124887
ANZVI0803005950|99483
ANZVI0803005817|56905
ANZVI0803005818|56906
ANZVI0803005819|56907
ANZVI0803005822|56908
ANZVI0803005821|56909
ANZVI0803005820|56910
ANZVI0803005906|84481
ANZVI0803005142|4504
ANZVI0803005156|4465
ANZVI0803005163|4476
ANZVI0803005170|4468
ANZVI0803005802|31287
ANZVI0803005804|31288
ANZVI0803005800|31294
ANZVI0803005795|31298
ANZVI0803005799|31299
ANZVI0803005798|31300
ANZVI0803003396|50290
ANZVI0803005776|26410
ANZVI0803005777|26915
ANZVI0803005796|31312
ANZVI0803005813|55550
ANZVI0803005812|55552
ANZVI0803005811|55553
ANZVI0803002511|76585
ANZVI0803002536|76586
ANZVI0803002514|76587
ANZVI0803002628|76588
ANZVI0803002952|76589
ANZVI0803002938|76590
ANZVI0803002740|76591
ANZVI0803002485|76592
ANZVI0803002487|76593
ANZVI0803002525|76594
ANZVI0803002726|76595
ANZVI0803003495|504
ANZVI0803002935|42373
ANZVI0803005043|4362
ANZVI0803005145|4507
ANZVI0803005161|4473
ANZVI0803005165|4470
ANZVI0803005174|4480
ANZVI0803005102|4453
ANZVI0803005146|4508
ANZVI0803005167|4466
ANZVI0803005815|55887
ANZVI0803005816|55888
ANZVI0803005786|29760
ANZVI0803005780|27252
ANZVI0803002741|113973
ANZVI0803005899|81913
ANZVI0803005907|85509
ANZVI0803004732|4013
ANZVI0803005522|4822
ANZVI0803004986|4315
ANZVI0803002149|2908
ANZVI0803002954|51190
ANZVI0803005135|4458
ANZVI0803005143|4520
ANZVI0803005196|4527
ANZVI0803005198|4530
ANZVI0803005162|4472
ANZVI0803005166|4471
ANZVI0803005168|4467
ANZVI0803005169|4475
ANZVI0803005788|30591
ANZVI0803005787|30592
ANZVI0803005789|30593
ANZVI0803005965|101001
ANZVI0803005036|4358
ANZVI0803005790|30926
ANZVI0803008449|118349
ANZVI0803008450|118350
ANZVI0803008451|118351
ANZVI0803008452|118352
ANZVI0803008453|118353
ANZVI0803008454|118354
ANZVI0803008455|118355
ANZVI0803008456|118356
ANZVI0803008457|118357
ANZVI0803008458|118358
ANZVI0803008459|118359
ANZVI0803005801|54381
ANZVI0803005797|54382
ANZVI0803005784|28593
ANZVI0803005783|28594
ANZVI0803005782|28595
ANZVI0803005781|28596
ANZVI0803005964|100827
ANZVI0803005963|100828
ANZVI0803005962|100829
ANZVI0803005961|100830
ANZVI0803005960|100831
ANZVI0803005959|100832
ANZVI0803005958|100833
ANZVI0803005785|29261
ANZVI0803005775|26073
ANZVI0803005805|54549
ANZVI0803005807|54882
ANZVI0803005806|54883
ANZVI0803005809|54884
ANZVI0803005808|54885
ANZVI0803005810|55555
ANZVI0803004683|3955
ANZVI0803005970|103650
ANZVI0803005823|57082
ANZVI0803005824|57083
ANZVI0803005825|57084
ANZVI0803005826|57085
ANZVI0803005895|79845
ANZVI0803005830|57978
ANZVI0803005831|57979
ANZVI0803005837|64946
ANZVI0803005836|63842
ANZVI0803005827|57255
ANZVI0803003607|84482
ANZVI0008100028|123653
ANZVI0008102610|123654
ANZVI0008100034|123655
ANZVI0008100035|123656
ANZVI0008100036|123657
ANZVI0008100527|123658
ANZVI0008102618|123659
ANZVI0008102619|123660
ANZVI0008102620|123661
ANZVI0008102621|123662
ANZVI0008102779|123663
ANZVI0008102622|123664
ANZVI0008102733|123665
ANZVI0008102623|123666
ANZVI0008102624|123667
ANZVI0008102625|123668
ANZVI0008102626|123669
ANZVI0008102903|123670
ANZVI0008100041|123671
ANZVI0008102627|123672
ANZVI0008102628|123673
ANZVI0008102629|123674
ANZVI0008102630|123675
ANZVI0008102631|123676
ANZVI0008102632|123677
ANZVI0008100045|123678
ANZVI0008100046|123679
ANZVI0008103013|123680
ANZVI0008102888|123681
ANZVI0008102633|123682
ANZVI0008102634|123683
ANZVI0008102635|123684
ANZVI0008102636|123685
ANZVI0008102638|123686
ANZVI0008102640|123687
ANZVI0008100047|123688
ANZVI0008102641|123689
ANZVI0008102642|123690
ANZVI0008100048|123691
ANZVI0008100049|123692
ANZVI0008100528|123693
ANZVI0008102644|123694
ANZVI0008102645|123695
ANZVI0008102646|123696
ANZVI0008102647|123697
ANZVI0008102648|123698
ANZVI0008102889|123699
ANZVI0008100053|123700
ANZVI0008102649|123701
ANZVI0008100054|123702
ANZVI0008102841|123703
ANZVI0008102650|123704
ANZVI0008103002|123705
ANZVI0008102652|123706
ANZVI0008102653|123707
ANZVI0008102654|123708
ANZVI0008102659|123709
ANZVI0008102660|123710
ANZVI0008100058|123711
ANZVI0008100059|123712
ANZVI0008102661|123713
ANZVI0008102713|123714
ANZVI0008102714|123715
ANZVI0008100173|123716
ANZVI0008100174|123717
ANZVI0008100175|123718
ANZVI0008100176|123719
ANZVI0008100177|123720
ANZVI0008100769|123721
ANZVI0008100178|123722
ANZVI0008100179|123723
ANZVI0008100180|123724
ANZVI0008100181|123725
ANZVI0008100182|123726
ANZVI0008100183|123727
ANZVI0008100184|123728
ANZVI0008100471|123729
ANZVI0008100472|123730
ANZVI0803005957|100659
ANZVI0803005833|58159
ANZVI0803005832|58160
ANZVI0803005955|100322
ANZVI0803005954|100323
ANZVI0803005972|104149
ANZVI0803005704|104150
ANZVI0803005249|4580
ANZVI0803005829|57976
ANZVI0803005828|60198
ANZVI0803002520|51349
ANZVI0803005835|61293
ANZVI0803008423|113677
ANZVI0803008422|113678
ANZVI0803008421|113679
ANZVI0803008439|114038
ANZVI0803004686|3958
ANZVI0803005848|65502
ANZVI0803005847|65503
ANZVI0803005846|65504
ANZVI0803005845|65505
ANZVI0803005844|65506
ANZVI0803005858|65507
ANZVI0803005857|65508
ANZVI0803005852|65509
ANZVI0803005853|65510
ANZVI0803005854|65511
ANZVI0803005855|65512
ANZVI0803005856|65513
ANZVI0803003301|385
ANZVI0803002766|51207
ANZVI0803005197|4528
ANZVI0803005946|98478
ANZVI0803005882|121671
ANZVI0803005951|99653
ANZVI0803005859|66788
ANZVI0803005863|67335
ANZVI0803005861|67336
ANZVI0803004992|4329
ANZVI0803005864|67882
ANZVI0803002765|51228
ANZVI0803005869|69840
ANZVI0803008468|120841
ANZVI0803008466|120842
ANZVI0803008470|121008
ANZVI0803008469|121009
ANZVI0008103360|122827
ANZVI0803005867|69332
ANZVI0803005619|69695
ANZVI0803005868|69696
ANZVI0803005843|65498
ANZVI0803005866|68788
ANZVI0008102600|117848
ANZVI0008102602|117849
ANZVI0008102603|117850
ANZVI0008103035|117851
ANZVI0008102597|117846
ANZVI0008102599|117847
ANZVI0803005839|65311
ANZVI0803005838|65312
ANZVI0803005842|65313
ANZVI0803005841|65314
ANZVI0803005840|65315
ANZVI0008102615|125383
ANZVI0008102617|125384
ANZVI0008100520|125385
ANZVI0008100126|125386
ANZVI0008100127|125387
ANZVI0008100128|125388
ANZVI0803005881|75134
ANZVI0803005878|74589
ANZVI0803005920|90475
ANZVI0803005956|100491
ANZVI0803005929|90814
ANZVI0803005928|90815
ANZVI0803005927|90816
ANZVI0803005926|90817
ANZVI0803005925|90818
ANZVI0803005924|90819
ANZVI0803005923|90820
ANZVI0803005922|90821
ANZVI0803005930|90822
ANZVI0803007952|110700
ANZVI0803007956|110702
ANZVI0803005875|73862
ANZVI0803005873|73863
ANZVI0803005874|73864
ANZVI0803005898|81568
ANZVI0803005932|91826
ANZVI0008102887|108136
ANZVI0008100519|108138
ANZVI0008100057|108140
ANZVI0008102698|108141
ANZVI0008100081|108143
ANZVI0008100085|108145
ANZVI0008102707|108147
ANZVI0008102709|108149
ANZVI0008102711|108151
ANZVI0008100092|108153
ANZVI0008100094|108155
ANZVI0008100096|108157
ANZVI0008100098|108159
ANZVI0008100100|108161
ANZVI0008100101|108162
ANZVI0008100103|108164
ANZVI0008101743|108166
ANZVI0008100107|108167
ANZVI0008100351|108168
ANZVI0008100352|108169
ANZVI0008100112|108170
ANZVI0008100115|108171
ANZVI0008100116|108172
ANZVI0008100119|108173
ANZVI0008100120|108174
ANZVI0008100356|108175
ANZVI0008100357|108176
ANZVI0008100130|108177
ANZVI0008100139|108179
ANZVI0008100153|108181
ANZVI0008100154|108182
ANZVI0008100194|108185
ANZVI0008100220|108187
ANZVI0008100231|108189
ANZVI0008100230|108191
ANZVI0008101851|108192
ANZVI0008100243|108194
ANZVI0008100248|108197
ANZVI0008100249|108198
ANZVI0008100530|108199
ANZVI0008100251|108200
ANZVI0008100252|108201
ANZVI0008100253|108202
ANZVI0008100531|108203
ANZVI0008101863|108205
ANZVI0008101864|108206
ANZVI0008102395|108207
ANZVI0008101865|108208
ANZVI0008101866|108209
ANZVI0008101867|108210
ANZVI0008101868|108211
ANZVI0008101869|108212
ANZVI0008102396|108213
ANZVI0008101870|108214
ANZVI0008101871|108215
ANZVI0008101872|108216
ANZVI0008101873|108217
ANZVI0008101874|108218
ANZVI0008102125|108219
ANZVI0008102397|108220
ANZVI0008101875|108221
ANZVI0008101876|108222
ANZVI0008101877|108223
ANZVI0008101878|108224
ANZVI0008102399|108226
ANZVI0008100271|108230
ANZVI0008102802|108233
ANZVI0008100793|108240
ANZVI0008100310|108244
ANZVI0008100314|108247
ANZVI0008100316|108249
ANZVI0008101985|108253
ANZVI0008102429|108254
ANZVI0008100342|108255
ANZVI0008100343|108256
ANZVI0008100338|108259
ANZVI0008100339|108261
ANZVI0008100346|108263
ANZVI0008100796|108265
ANZVI0008100341|108267
ANZVI0008102027|108268
ANZVI0008102028|108269
ANZVI0008102031|108270
ANZVI0008102034|108271
ANZVI0008102037|108272
ANZVI0008102439|108273
ANZVI0008102041|108274
ANZVI0008102042|108275
ANZVI0008102043|108276
ANZVI0008102044|108277
ANZVI0008102444|108278
ANZVI0008102052|108279
ANZVI0008102053|108280
ANZVI0008102054|108281
ANZVI0008102445|108282
ANZVI0008102075|108283
ANZVI0008102081|108284
ANZVI0008102446|108285
ANZVI0008100364|108286
ANZVI0008100378|108288
ANZVI0008100381|108289
ANZVI0008101101|108737
ANZVI0008100671|108739
ANZVI0008100752|108741
ANZVI0008100755|108744
ANZVI0008100822|108746
ANZVI0008100824|108748
ANZVI0008100826|108750
ANZVI0008100828|108752
ANZVI0008100830|108754
ANZVI0008100864|108756
ANZVI0008100902|108758
ANZVI0008101149|108663
ANZVI0008101151|108665
ANZVI0008100713|108668
ANZVI0008101126|108670
ANZVI0008101167|108672
ANZVI0008101169|108674
ANZVI0008100791|108676
ANZVI0008100645|108678
ANZVI0008101152|108681
ANZVI0008101154|108683
ANZVI0008101177|108685
ANZVI0008101179|108687
ANZVI0008100715|108689
ANZVI0008101094|108691
ANZVI0008101034|108693
ANZVI0008100992|108695
ANZVI0008101042|108698
ANZVI0008100647|108700
ANZVI0008100649|108702
ANZVI0008100651|108704
ANZVI0008100716|108706
ANZVI0008100915|108709
ANZVI0008100922|108711
ANZVI0008100891|108626
ANZVI0008100918|108628
ANZVI0008100959|108630
ANZVI0008100668|108632
ANZVI0008100964|108634
ANZVI0008101037|108636
ANZVI0008101038|108638
ANZVI0008101040|108641
ANZVI0008101041|108643
ANZVI0008100779|108645
ANZVI0008100708|108647
ANZVI0008100709|108649
ANZVI0008100710|108651
ANZVI0008100818|108653
ANZVI0008101124|108655
ANZVI0008101183|108658
ANZVI0008101185|108660
ANZVI0008101010|108616
ANZVI0008101012|108618
ANZVI0008100790|108620
ANZVI0008100728|108622
ANZVI0008100659|108624
ANZVI0008100987|108575
ANZVI0008100989|108577
ANZVI0008100991|108579
ANZVI0008100907|108581
ANZVI0008100870|108584
ANZVI0008100872|108586
ANZVI0008100874|108588
ANZVI0008100876|108590
ANZVI0008100879|108593
ANZVI0008100881|108595
ANZVI0008100904|108597
ANZVI0008100909|108599
ANZVI0008100912|108602
ANZVI0008100664|108605
ANZVI0008100641|108608
ANZVI0008100849|108610
ANZVI0008100665|108612
ANZVI0008100667|108614
ANZVI0008102084|108290
ANZVI0008100387|108291
ANZVI0008100391|108294
ANZVI0008100393|108297
ANZVI0008100394|108299
ANZVI0008100406|108301
ANZVI0008102085|108302
ANZVI0008100417|108305
ANZVI0008100419|108307
ANZVI0008102090|108308
ANZVI0008100442|108309
ANZVI0008102092|108311
ANZVI0008100470|108313
ANZVI0008100473|108314
ANZVI0008102447|108315
ANZVI0008100491|108318
ANZVI0008100490|108319
ANZVI0008100492|108321
ANZVI0008100494|108323
ANZVI0008100069|108400
ANZVI0008100133|108402
ANZVI0008100966|108404
ANZVI0008101104|108405
ANZVI0008101105|108407
ANZVI0008101107|108409
ANZVI0008101109|108411
ANZVI0008100072|108413
ANZVI0008100074|108415
ANZVI0008100929|108418
ANZVI0008100932|108421
ANZVI0008100934|108423
ANZVI0008100941|108427
ANZVI0008100937|108431
ANZVI0008100503|108325
ANZVI0008102106|108327
ANZVI0008100840|108328
ANZVI0008100841|108330
ANZVI0008100511|108332
ANZVI0008102117|108334
ANZVI0008100533|108335
ANZVI0008102139|108336
ANZVI0008102141|108337
ANZVI0008102169|108338
ANZVI0008102179|108339
ANZVI0008102181|108340
ANZVI0008102182|108341
ANZVI0008100567|108342
ANZVI0008102183|108345
ANZVI0008100622|108346
ANZVI0008102184|108347
ANZVI0008102191|108349
ANZVI0008102193|108350
ANZVI0008102201|108351
ANZVI0008102206|108352
ANZVI0008102221|108353
ANZVI0008102227|108354
ANZVI0008101070|108358
ANZVI0008100653|108362
ANZVI0008101092|108366
ANZVI0008101172|108371
ANZVI0008101156|108375
ANZVI0008101129|108377
ANZVI0008101133|108381
ANZVI0008101136|108384
ANZVI0008101140|108388
ANZVI0008100955|108392
ANZVI0008100065|108396
ANZVI0008100067|108398
ANZVI0008100951|108435
ANZVI0008100809|108439
ANZVI0008100746|108443
ANZVI0008100749|108446
ANZVI0008100847|108496
ANZVI0008100760|108498
ANZVI0008100797|108500
ANZVI0008100799|108502
ANZVI0008100801|108504
ANZVI0008100803|108506
ANZVI0008100812|108508
ANZVI0008100814|108510
ANZVI0008100816|108512
ANZVI0008100961|108514
ANZVI0008101161|108417
ANZVI0008100931|108420
ANZVI0008100933|108422
ANZVI0008101110|108424
ANZVI0008100940|108426
ANZVI0008100942|108428
ANZVI0008100936|108430
ANZVI0008100938|108432
ANZVI0008100950|108434
ANZVI0008100952|108436
ANZVI0008100808|108438
ANZVI0008100810|108440
ANZVI0008100745|108442
ANZVI0008100748|108445
ANZVI0008100946|108448
ANZVI0008100948|108450
ANZVI0008100945|108452
ANZVI0008100756|108454
ANZVI0008100654|108363
ANZVI0008100656|108365
ANZVI0008100831|108367
ANZVI0008100672|108547
ANZVI0008101052|108549
ANZVI0008100981|108551
ANZVI0008101085|108553
ANZVI0008101173|108555
ANZVI0008101175|108557
ANZVI0008100984|108544
ANZVI0008101064|108515
ANZVI0008101067|108517
ANZVI0008101160|108519
ANZVI0008100883|108521
ANZVI0008100885|108523
ANZVI0008100887|108525
ANZVI0008100889|108527
ANZVI0008100848|108529
ANZVI0008100804|108531
ANZVI0008100725|108533
ANZVI0008101051|108535
ANZVI0008101028|108538
ANZVI0008101030|108540
ANZVI0008101032|108542
ANZVI0008100855|108457
ANZVI0008100857|108459
ANZVI0008100859|108461
ANZVI0008100980|108463
ANZVI0008101112|108465
ANZVI0008101114|108467
ANZVI0008100743|108469
ANZVI0008101056|108471
ANZVI0008101058|108473
ANZVI0008101060|108475
ANZVI0008101062|108477
ANZVI0008100976|108479
ANZVI0008100978|108481
ANZVI0008101116|108483
ANZVI0008101118|108485
ANZVI0008101120|108487
ANZVI0008101079|108489
ANZVI0008101081|108491
ANZVI0008101083|108493
ANZVI0008100395|117837
ANZVI0008100537|117838
ANZVI0008100538|117839
ANZVI0008100843|117840
ANZVI0008100631|117841
ANZVI0008100632|117842
ANZVI0008101054|117843
ANZVI0008100928|117844
ANZVI0008100132|117845
ANZVI0008101080|108490
ANZVI0008101084|108494
ANZVI0008100759|108497
ANZVI0008100798|108501
ANZVI0008100802|108505
ANZVI0008100813|108509
ANZVI0008101102|108513
ANZVI0008100866|108518
ANZVI0008101068|108520
ANZVI0008100886|108524
ANZVI0008100890|108528
ANZVI0008100726|108532
ANZVI0008100892|108534
ANZVI0008101027|108537
ANZVI0008101031|108541
ANZVI0008100819|108545
ANZVI0008100744|108546
ANZVI0008101103|108550
ANZVI0008100958|108554
ANZVI0008101176|108558
ANZVI0008101044|108560
ANZVI0008101087|108563
ANZVI0008101089|108565
ANZVI0008101073|108567
ANZVI0008101075|108569
ANZVI0008101077|108571
ANZVI0008100985|108573
ANZVI0008100988|108576
ANZVI0008100906|108580
ANZVI0008100750|108447
ANZVI0008100947|108449
ANZVI0008100949|108451
ANZVI0008100661|108453
ANZVI0008100757|108455
ANZVI0008100758|108456
ANZVI0008100856|108458
ANZVI0008100858|108460
ANZVI0008100860|108462
ANZVI0008100957|108464
ANZVI0008101113|108466
ANZVI0008101115|108468
ANZVI0008101055|108470
ANZVI0008101057|108472
ANZVI0008101059|108474
ANZVI0008101061|108476
ANZVI0008101063|108478
ANZVI0008100977|108480
ANZVI0008100979|108482
ANZVI0008101117|108484
ANZVI0008101119|108486
ANZVI0008100869|108583
ANZVI0008100871|108585
ANZVI0008100875|108589
ANZVI0008100878|108592
ANZVI0008100882|108596
ANZVI0008100905|108598
ANZVI0008100911|108601
ANZVI0008100832|108368
ANZVI0008101171|108370
ANZVI0008100636|108372
ANZVI0008100954|108374
ANZVI0008101128|108376
ANZVI0008101130|108378
ANZVI0008101132|108380
ANZVI0008101134|108382
ANZVI0008101137|108385
ANZVI0008101139|108387
ANZVI0008101141|108389
ANZVI0008101142|108391
ANZVI0008100956|108393
ANZVI0008100742|108395
ANZVI0008100633|108355
ANZVI0008101069|108357
ANZVI0008100806|108359
ANZVI0008100807|108361
ANZVI0008100611|108344
ANZVI0008100629|108348
ANZVI0008100580|108343
ANZVI0008100509|108329
ANZVI0008100510|108331
ANZVI0008100512|108333
ANZVI0008100469|108312
ANZVI0008100488|108316
ANZVI0008100837|108317
ANZVI0008100838|108320
ANZVI0008100493|108322
ANZVI0008100496|108324
ANZVI0008100506|108326
ANZVI0008100836|108304
ANZVI0008100418|108306
ANZVI0008100449|108310
ANZVI0008100388|108292
ANZVI0008100390|108293
ANZVI0008100389|108295
ANZVI0008100392|108296
ANZVI0008100834|108298
ANZVI0008100399|108300
ANZVI0008100416|108303
ANZVI0008100524|108250
ANZVI0008102815|108252
ANZVI0008102801|108232
ANZVI0008100298|108234
ANZVI0008102804|108236
ANZVI0008100303|108238
ANZVI0008100304|108239
ANZVI0008100307|108241
ANZVI0008100309|108243
ANZVI0008100794|108245
ANZVI0008100268|108225
ANZVI0008101884|108227
ANZVI0008100270|108229
ANZVI0008102762|108186
ANZVI0008100229|108188
ANZVI0008100232|108190
ANZVI0008100773|108193
ANZVI0008100246|108196
ANZVI0008100764|108178
ANZVI0008100146|108180
ANZVI0008100155|108183
ANZVI0008100172|108184
ANZVI0008102704|108142
ANZVI0008102705|108144
ANZVI0008102706|108146
ANZVI0008102708|108148
ANZVI0008102710|108150
ANZVI0008102712|108152
ANZVI0008100093|108154
ANZVI0803005879|74771
ANZVI0008100914|108604
ANZVI0008100639|108606
ANZVI0008100640|108607
ANZVI0008100642|108609
ANZVI0008101008|108611
ANZVI0008100666|108613
ANZVI0008101009|108615
ANZVI0008101011|108617
ANZVI0008100820|108619
ANZVI0008101036|108621
ANZVI0008100658|108623
ANZVI0008101147|108625
ANZVI0008100903|108627
ANZVI0008100919|108629
ANZVI0008100778|108631
ANZVI0008100967|108633
ANZVI0008101162|108635
ANZVI0008101163|108637
ANZVI0008101039|108639
ANZVI0008101164|108640
ANZVI0008101165|108642
ANZVI0008100660|108644
ANZVI0008100780|108648
ANZVI0008101122|108652
ANZVI0008101123|108654
ANZVI0008101182|108657
ANZVI0008101186|108661
ANZVI0008101150|108664
ANZVI0008100714|108669
ANZVI0008101166|108671
ANZVI0008101170|108675
ANZVI0008101090|108679
ANZVI0008101153|108682
ANZVI0008101178|108686
ANZVI0008101093|108690
ANZVI0008101033|108692
ANZVI0008101095|108696
ANZVI0008100646|108699
ANZVI0008100650|108703
ANZVI0008100717|108707
ANZVI0008100920|108708
ANZVI0008100923|108712
ANZVI0008100783|108714
ANZVI0008100969|108716
ANZVI0008100971|108718
ANZVI0008100972|108719
ANZVI0008100974|108721
ANZVI0008101013|108723
ANZVI0008101015|108725
ANZVI0008101043|108727
ANZVI0008101017|108728
ANZVI0008100669|108730
ANZVI0008101097|108732
ANZVI0008101098|108733
ANZVI0008101020|108735
ANZVI0008101100|108736
ANZVI0008100751|108740
ANZVI0008100754|108743
ANZVI0008100823|108747
ANZVI0008100827|108751
ANZVI0008100863|108755
ANZVI0008100865|108757
ANZVI0803005872|73680
ANZVI0008100095|108156
ANZVI0008100097|108158
ANZVI0008100099|108160
ANZVI0008100102|108163
ANZVI0008100104|108165
ANZVI0008100518|108137
ANZVI0008102657|108139
ANZVI0008100334|108257
ANZVI0008101086|108562
ANZVI0008100712|108667
ANZVI0803005883|75497
ANZVI0803005884|75860
ANZVI0803005885|75861
ANZVI0008100965|108759
ANZVI0008101021|108760
ANZVI0008101127|108761
ANZVI0008100737|108762
ANZVI0008100738|108763
ANZVI0008100739|108764
ANZVI0008102545|108765
ANZVI0008101188|108766
ANZVI0008100853|108767
ANZVI0008102546|108768
ANZVI0008103080|108769
ANZVI0008103082|108770
ANZVI0008103081|108771
ANZVI0008103065|108772
ANZVI0008103100|108773
ANZVI0008103101|108774
ANZVI0008103102|108775
ANZVI0008100245|108195
ANZVI0008100257|108204
ANZVI0008100269|108228
ANZVI0008100294|108231
ANZVI0008102803|108235
ANZVI0008100301|108237
ANZVI0008100308|108242
ANZVI0008100312|108246
ANZVI0008100315|108248
ANZVI0008100318|108251
ANZVI0008100344|108258
ANZVI0008100345|108260
ANZVI0008100335|108262
ANZVI0008100340|108264
ANZVI0008100336|108266
ANZVI0008100374|108287
ANZVI0008101023|108356
ANZVI0008100652|108360
ANZVI0008100655|108364
ANZVI0008100833|108369
ANZVI0008101007|108373
ANZVI0008101131|108379
ANZVI0008101135|108383
ANZVI0008101138|108386
ANZVI0008101049|108390
ANZVI0008100635|108394
ANZVI0008100066|108397
ANZVI0008100068|108399
ANZVI0008100070|108401
ANZVI0008100134|108403
ANZVI0008100657|108406
ANZVI0008101106|108408
ANZVI0008101108|108410
ANZVI0008100071|108412
ANZVI0008100073|108414
ANZVI0008100135|108416
ANZVI0008100930|108419
ANZVI0008101111|108425
ANZVI0008100935|108429
ANZVI0008101121|108433
ANZVI0008100953|108437
ANZVI0008100944|108441
ANZVI0008100747|108444
ANZVI0008101078|108488
ANZVI0008101082|108492
ANZVI0008100960|108495
ANZVI0008100761|108499
ANZVI0008100800|108503
ANZVI0008100811|108507
ANZVI0008100815|108511
ANZVI0008101066|108516
ANZVI0008100884|108522
ANZVI0008100888|108526
ANZVI0008100867|108530
ANZVI0008101026|108536
ANZVI0008101029|108539
ANZVI0008100983|108543
ANZVI0008101050|108548
ANZVI0008100868|108552
ANZVI0008101174|108556
ANZVI0008101071|108559
ANZVI0008101045|108561
ANZVI0008101088|108564
ANZVI0008101072|108566
ANZVI0008101074|108568
ANZVI0008101076|108570
ANZVI0008101157|108572
ANZVI0008100986|108574
ANZVI0008100990|108578
ANZVI0008100908|108582
ANZVI0008100873|108587
ANZVI0008100877|108591
ANZVI0008100880|108594
ANZVI0008100910|108600
ANZVI0008100913|108603
ANZVI0008100707|108646
ANZVI0008100781|108650
ANZVI0008101125|108656
ANZVI0008101184|108659
ANZVI0008101148|108662
ANZVI0008100711|108666
ANZVI0008101168|108673
ANZVI0008100644|108677
ANZVI0008101091|108680
ANZVI0008101155|108684
ANZVI0008101180|108688
ANZVI0008101035|108694
ANZVI0008101096|108697
ANZVI0008100648|108701
ANZVI0008100735|108705
ANZVI0008100921|108710
ANZVI0008100782|108713
ANZVI0008100968|108715
ANZVI0008100970|108717
ANZVI0008100973|108720
ANZVI0008100975|108722
ANZVI0008101014|108724
ANZVI0008101016|108726
ANZVI0008101018|108729
ANZVI0008101019|108731
ANZVI0008101099|108734
ANZVI0008100670|108738
ANZVI0008100753|108742
ANZVI0008100821|108745
ANZVI0008100825|108749
ANZVI0008100829|108753
